Media Sources,Negative,Neutral,Positive,Compound,Tweets Ago,Date,Text
BBC,0.0,1.0,0.0,0.0,1,Wed Jun 06 07:54:34 +0000 2018,India's disabled dancers rocking the bhangra https://t.co/eXsunXbCfY
BBC,0.438,0.562,0.0,-0.8316,2,Wed Jun 06 07:51:51 +0000 2018,Star Wars actress Kelly Marie Tran deletes Instagram posts after abuse https://t.co/ML9MtaaKmb
BBC,0.0,1.0,0.0,0.0,3,Wed Jun 06 07:51:51 +0000 2018,India zoo animals beat the heat with fruit ice lollies https://t.co/t4ARbhOtUB
BBC,0.0,1.0,0.0,0.0,4,Wed Jun 06 07:49:23 +0000 2018,Might Dennis Rodman at the Trump-Kim summit just work? https://t.co/etNtWIzE9n
BBC,0.0,1.0,0.0,0.0,5,Wed Jun 06 07:20:42 +0000 2018,RT @SallyBundockBBC: Should @elonmusk be both CEO and Chairman - is that too much control or necessary for a pioneering company such as #Te‚Ä¶
BBC,0.0,1.0,0.0,0.0,6,Wed Jun 06 06:42:12 +0000 2018,"RT @BBCSteveR: Recent TV interviews with Putin. 

Austrian TV asked about:
Troll factories
MH17 ('Why should we believe you?')
Turning Russ‚Ä¶"
BBC,0.0,0.769,0.231,0.2732,7,Wed Jun 06 05:39:23 +0000 2018,Facebook confirms data-sharing agreements with Chinese firms https://t.co/BSKv1H67WW
BBC,0.0,0.652,0.348,0.4939,8,Wed Jun 06 05:06:38 +0000 2018,Firemen save chickens from volcano eruption https://t.co/fW4LcsotX6
BBC,0.221,0.441,0.338,0.34,9,Wed Jun 06 03:27:49 +0000 2018,Kate Spade: Tributes pour in for 'great talent' after apparent suicide https://t.co/fHxT6RbJcp
BBC,0.0,1.0,0.0,0.0,10,Wed Jun 06 03:01:34 +0000 2018,Elizabeth Wettlaufer: Canadian nurse's confession released https://t.co/eZS85X8dGw
BBC,0.118,0.882,0.0,-0.1531,11,Wed Jun 06 02:37:41 +0000 2018,Tariffs and Trump: Why the G7 summit in Canada could be awkward https://t.co/Z5Zm9Mw0zh
BBC,0.156,0.649,0.195,0.1531,12,Wed Jun 06 02:35:24 +0000 2018,World Cup 2018: Welcome with a warning for England fans in Volgograd https://t.co/AhrNrGODff
BBC,0.0,1.0,0.0,0.0,13,Wed Jun 06 02:28:46 +0000 2018,Cultural coding classes for migrants in Norway https://t.co/onEjhOF0wY
BBC,0.0,1.0,0.0,0.0,14,Wed Jun 06 02:14:34 +0000 2018,James Sutherland: Cricket Australia chief executive quits https://t.co/Z7IxQBS61w
BBC,0.0,1.0,0.0,0.0,15,Wed Jun 06 02:04:36 +0000 2018,Trump-Kim summit to be held on Singapore's Sentosa island https://t.co/9wISgHNFVg
BBC,0.368,0.632,0.0,-0.5423,16,Wed Jun 06 01:28:47 +0000 2018,Pomegranate contamination kills woman in Australia https://t.co/9gaSBSB7DD
BBC,0.35,0.65,0.0,-0.6486,17,Wed Jun 06 01:02:32 +0000 2018,The punk who came back from the dead https://t.co/2gCXzh98fF
BBC,0.37,0.432,0.198,-0.4215,18,Wed Jun 06 00:29:32 +0000 2018,Argentina 'cancels Israel World Cup friendly' after Gaza violence https://t.co/KMsNcPRLcE
BBC,0.244,0.756,0.0,-0.4404,19,Wed Jun 06 00:24:47 +0000 2018,Kim Jong-un: The new kid on the diplomatic block https://t.co/kZ3UUEOE8j
BBC,0.306,0.463,0.231,-0.2023,20,Wed Jun 06 00:18:30 +0000 2018,Kuwait ‚Äòblackface‚Äô comedy show causes outcry https://t.co/tX3jluHeMQ
BBC,0.204,0.796,0.0,-0.3182,21,Tue Jun 05 23:56:39 +0000 2018,Kelly Sadler: Aide who mocked McCain exits White House https://t.co/q8BFv2KM3c
BBC,0.0,0.857,0.143,0.128,22,Tue Jun 05 23:56:37 +0000 2018,Take a look inside the world's largest legal cannabis farm https://t.co/RSes7vV1pa
BBC,0.0,1.0,0.0,0.0,23,Tue Jun 05 23:46:58 +0000 2018,Rebuilding after 9/11 https://t.co/TpIUGWmF8d
BBC,0.0,1.0,0.0,0.0,24,Tue Jun 05 23:42:25 +0000 2018,Inside the secret world of Brazil's WhatsApp abortions https://t.co/USIzzxIVGJ
BBC,0.0,0.702,0.298,0.5267,25,Tue Jun 05 23:17:06 +0000 2018,Cross-Channel migrants gain access to UK using Ireland https://t.co/GCMf94YhJH
BBC,0.0,1.0,0.0,0.0,26,Tue Jun 05 23:07:46 +0000 2018,Why Kate Spade's legacy will live on https://t.co/EpADdBNupY
BBC,0.0,1.0,0.0,0.0,27,Tue Jun 05 23:05:18 +0000 2018,Trump tariffs: Mexico retaliates against US products https://t.co/l2Sr05w71t
BBC,0.0,1.0,0.0,0.0,28,Tue Jun 05 21:54:37 +0000 2018,New explosion at Guatemalan volcano https://t.co/loQAEO8ULf
BBC,0.0,0.887,0.113,0.3182,29,Tue Jun 05 21:51:15 +0000 2018,RT @BBCBreaking: Evacuations are ordered after a fresh blast at Guatemala's Fuego volcano sends material down the south side https://t.co/6‚Ä¶
BBC,0.0,1.0,0.0,0.0,30,Tue Jun 05 21:44:57 +0000 2018,French town near Paris votes to have school uniforms https://t.co/NdztCaPSXd
BBC,0.0,1.0,0.0,0.0,31,Tue Jun 05 21:22:09 +0000 2018,"RT @awzurcher: Donald Trump has the Republican rank and file behind him - and that dictates how he handles policy, Robert Mueller and the m‚Ä¶"
BBC,0.0,1.0,0.0,0.0,32,Tue Jun 05 20:51:27 +0000 2018,France builds first Alzheimer's 'village' in pioneering experiment https://t.co/kXcivV4gRV
BBC,0.0,0.857,0.143,0.3612,33,Tue Jun 05 20:19:13 +0000 2018,The rise of fashion designer Kate Spade reads like a classic American tale of a self-made businesswoman https://t.co/Kh30g7MinE
BBC,0.0,0.846,0.154,0.25,34,Tue Jun 05 19:28:07 +0000 2018,Kate Spade: High school handbags and the New York City dream https://t.co/jIS4hPfekZ
BBC,0.172,0.828,0.0,-0.3612,35,Tue Jun 05 19:17:54 +0000 2018,"Finally a prime minister who cleans up his own mess üëè

https://t.co/cHGVw4ypcd https://t.co/ah9ui1gra5"
BBC,0.137,0.863,0.0,-0.2263,36,Tue Jun 05 18:32:39 +0000 2018,Jordan's King Abdullah calls for tax review after largest protests in years https://t.co/48HoihSEu3
BBC,0.234,0.419,0.347,0.2263,37,Tue Jun 05 18:32:37 +0000 2018,Ethiopia 'accepts peace deal' to end Eritrea border war https://t.co/cnAzyywTHJ
BBC,0.0,1.0,0.0,0.0,38,Tue Jun 05 18:30:19 +0000 2018,Parkland teenager David Hogg 'swatted' in prank call https://t.co/ZidQnFGY63
BBC,0.223,0.777,0.0,-0.6486,39,Tue Jun 05 17:52:40 +0000 2018,"Tributes paid as fashion designer Kate Spade is found dead in her New York apartment
https://t.co/HLXmsvUF6s"
BBC,0.19,0.81,0.0,-0.6908,40,Tue Jun 05 16:52:45 +0000 2018,RT @bbcworldservice: Do asylum seekers from the Middle East and Africa need classes to understand European 'cultural codes' around rape and‚Ä¶
BBC,0.417,0.583,0.0,-0.6486,41,Tue Jun 05 16:20:35 +0000 2018,Fashion designer Kate Spade found dead https://t.co/anKDpXuPoj
BBC,0.0,0.442,0.558,0.743,42,Tue Jun 05 16:05:15 +0000 2018,'Beauty iceberg' thrills Newfoundland and Labrador https://t.co/rDNnClfa9o
BBC,0.0,1.0,0.0,0.0,43,Tue Jun 05 15:01:51 +0000 2018,RT @BBCAfrica: An earthquake is coming. #BBCAfricaEye is about to bring you the inside story about @anasglobal's explosive investigation in‚Ä¶
BBC,0.386,0.614,0.0,-0.6597,44,Tue Jun 05 14:44:17 +0000 2018,Guatemala's Fuego volcano: How the tragedy unfolded https://t.co/EGvkLR8nfd
BBC,0.226,0.774,0.0,-0.5423,45,Tue Jun 05 14:43:49 +0000 2018,"Crocodile kills pastor conducting baptism ceremony near lake in southern Ethiopia

https://t.co/GcfmZGSvma https://t.co/VMIidPqr2g"
BBC,0.074,0.805,0.121,0.3612,46,Tue Jun 05 14:20:43 +0000 2018,"RT @BBCSport: Everyone's been loving Nigeria's kit üî•

Here are the rest of the home shirts each team will be wearing in Russia.

üëâ https://‚Ä¶"
BBC,0.0,0.497,0.503,0.7244,47,Tue Jun 05 14:14:11 +0000 2018,Weinstein pleads not guilty to rape charge https://t.co/5AaHFpnem8
BBC,0.165,0.562,0.272,0.2607,48,Tue Jun 05 13:58:41 +0000 2018,Harvey Weinstein arrives at Manhattan Supreme Court where he's expected to plead not guilty to charges of rape and‚Ä¶ https://t.co/87t77LrLX3
BBC,0.0,1.0,0.0,0.0,49,Tue Jun 05 12:58:54 +0000 2018,Ben Lecomte's bid to be the first to swim the Pacific Ocean https://t.co/JXkflWOYk2
BBC,0.333,0.667,0.0,-0.5423,50,Tue Jun 05 12:42:41 +0000 2018,Crocodile kills Ethiopian pastor during lake baptism https://t.co/K6seIFU0KL
BBC,0.0,1.0,0.0,0.0,51,Tue Jun 05 12:37:53 +0000 2018,Police officer pulls king cobra from minivan in China https://t.co/fhKn3uNWt9
BBC,0.0,1.0,0.0,0.0,52,Tue Jun 05 12:30:57 +0000 2018,Qatar boss: 'Only men can run airlines' https://t.co/RBmiywq59c
BBC,0.18,0.82,0.0,-0.296,53,Tue Jun 05 12:26:25 +0000 2018,World Cup 2018: Fifa files complaint against ticket website Viagogo https://t.co/uoD01fCLqi
BBC,0.246,0.492,0.262,0.0516,54,Tue Jun 05 12:16:59 +0000 2018,India policewoman praised for breastfeeding abandoned baby https://t.co/qrejx6FA9X
BBC,0.0,1.0,0.0,0.0,55,Tue Jun 05 11:58:42 +0000 2018,Wreck-It Ralph 2: Disney princesses unite over feminism https://t.co/iu0AQgYTch
BBC,0.0,1.0,0.0,0.0,56,Tue Jun 05 11:28:09 +0000 2018,Dutch PM Mark Rutte cleans up parliament coffee spill https://t.co/3PQ2Fad55M
BBC,0.0,1.0,0.0,0.0,57,Tue Jun 05 11:04:56 +0000 2018,Saudi Arabia issues first driving licences to women https://t.co/HYn1nANTVL
BBC,0.0,0.829,0.171,0.4019,58,Tue Jun 05 10:55:10 +0000 2018,Former North Korean spies see the country's growing diplomatic activities as a chance to return to the land they lo‚Ä¶ https://t.co/fgMfEG6pch
BBC,0.0,0.833,0.167,0.2023,59,Tue Jun 05 10:29:21 +0000 2018,"Same-sex spouses have EU residence rights, top court rules https://t.co/uiDVv3YC3m"
BBC,0.368,0.486,0.146,-0.6249,60,Tue Jun 05 10:26:48 +0000 2018,Syria war: Amnesty says UK 'should come clean' on Raqqa attacks https://t.co/TeWf0nHr4L
BBC,0.0,1.0,0.0,0.0,61,Tue Jun 05 10:26:30 +0000 2018,"After a student took a cardboard cutout of @DannyDeVito to her prom, the actor returned the favour‚Ä¶ https://t.co/Z9gvQ3UCLH"
BBC,0.0,1.0,0.0,0.0,62,Tue Jun 05 10:19:06 +0000 2018,Billionaire Koch brothers take on Trump over tariffs https://t.co/3ol7LDhIZZ
BBC,0.259,0.741,0.0,-0.4215,63,Tue Jun 05 10:14:35 +0000 2018,Tennis match-fixing investigators detain 13 in Belgium raids https://t.co/KiEWdWXJVw
BBC,0.172,0.828,0.0,-0.4019,64,Tue Jun 05 09:58:36 +0000 2018,Pep Guardiola: Yaya Toure says Man City boss 'often has problems with Africans' https://t.co/IeTYyh8CtQ
BBC,0.137,0.863,0.0,-0.4019,65,Tue Jun 05 09:40:58 +0000 2018,"RT @BBCSport: Pep Guardiola ""often has problems with Africans"", says Yaya Toure.

üëâ https://t.co/J7ohy1s60t https://t.co/EwGSRrbtN5"
BBC,0.0,1.0,0.0,0.0,66,Tue Jun 05 09:02:58 +0000 2018,Australia objects to China 'pressure' in Qantas decision https://t.co/6UvwGjHVrP
BBC,0.204,0.796,0.0,-0.3182,67,Tue Jun 05 09:00:42 +0000 2018,Australian beaches covered with rubbish from lost sea cargo https://t.co/bF6stCwuGl
BBC,0.149,0.764,0.087,-0.4215,68,Tue Jun 05 07:47:41 +0000 2018,"RT @VictoriaLIVE: The abortion survivor whose mum thought she was dead.

Melissa Ohden was 14 when she learned her mother had tried to abor‚Ä¶"
BBC,0.059,0.871,0.07,0.0772,69,Tue Jun 05 06:41:39 +0000 2018,RT @BBCBenThompson: How much time do you spend staring at your smartphone?  Apple is launching an app to help us cut our addiction. But wil‚Ä¶
BBC,0.0,0.769,0.231,0.2732,70,Tue Jun 05 05:03:34 +0000 2018,"Trump-Kim meeting: Preparations going well, says US https://t.co/aYxLvfZFkG"
BBC,0.264,0.566,0.17,-0.3612,71,Tue Jun 05 04:54:29 +0000 2018,Tasmania Anglican church sales to help 'make amends' for abuse https://t.co/YKZYTnfjAt
BBC,0.216,0.784,0.0,-0.296,72,Tue Jun 05 04:35:38 +0000 2018,Former Trump staffer Manafort accused of witness tampering https://t.co/w4kmpBgd4A
BBC,0.0,1.0,0.0,0.0,73,Tue Jun 05 04:17:32 +0000 2018,Iran nuclear deal: Tehran to give notice of uranium work https://t.co/LUtHvoCEok
BBC,0.0,1.0,0.0,0.0,74,Tue Jun 05 01:51:55 +0000 2018,The robots taking on your housework https://t.co/i1LCEz2ppN
BBC,0.0,1.0,0.0,0.0,75,Tue Jun 05 01:42:45 +0000 2018,Early Van Gogh landscape sells for ‚Ç¨7m at French auction https://t.co/M7Skbpbkin
BBC,0.42,0.58,0.0,-0.7003,76,Tue Jun 05 01:28:59 +0000 2018,Georgia officer fired for hitting suspect with patrol car https://t.co/8aNKahkZ6H
BBC,0.0,0.714,0.286,0.4939,77,Tue Jun 05 01:26:30 +0000 2018,Could a text message save thousands of fishermen's lives? https://t.co/mExwAf6xeB
BBC,0.462,0.538,0.0,-0.7184,78,Tue Jun 05 01:21:33 +0000 2018,Henri van Breda: Axe murderer transfixes South Africa https://t.co/O1dNCMtV3L
BBC,0.0,1.0,0.0,0.0,79,Tue Jun 05 01:16:48 +0000 2018,Europe and nationalism: A country-by-country guide https://t.co/qmWHG9z70Y
BBC,0.159,0.714,0.127,-0.1027,80,Tue Jun 05 00:48:55 +0000 2018,Trump drops Philadelphia Eagles White House invite over anthem protest https://t.co/obgA2oEFfx
BBC,0.0,1.0,0.0,0.0,81,Tue Jun 05 00:33:12 +0000 2018,Swimmer Ben Lecomte begins record Pacific crossing attempt https://t.co/hizUqNTrJf
BBC,0.0,1.0,0.0,0.0,82,Tue Jun 05 00:01:36 +0000 2018,Guatemala volcano: Deadly Fuego eruption caught on video https://t.co/26NcA7c5TE
BBC,0.0,1.0,0.0,0.0,83,Mon Jun 04 23:59:22 +0000 2018,Pakistan's soaring rates of 'diabetic foot' https://t.co/0wuN4VOWCK
BBC,0.0,1.0,0.0,0.0,84,Mon Jun 04 23:43:23 +0000 2018,Is Kyary Pamyu Pamyu Japan's Lady Gaga? https://t.co/wiwhaLi2hw
BBC,0.192,0.583,0.225,0.1027,85,Mon Jun 04 23:24:51 +0000 2018,Qatar cash and cows help buck Gulf boycott https://t.co/84PpHofoEx
BBC,0.0,0.592,0.408,0.7839,86,Mon Jun 04 23:08:49 +0000 2018,Robert Kennedy: What if US presidential hopeful had not been killed? https://t.co/hwBXdc9ZGy
BBC,0.0,0.682,0.318,0.6369,87,Mon Jun 04 23:08:49 +0000 2018,Why do we love to dance with each other? https://t.co/j7k19CeLYz
BBC,0.234,0.532,0.234,0.0,88,Mon Jun 04 23:06:29 +0000 2018,Are presidential pardons Trump's secret weapon? https://t.co/yBq5C9ams2
BBC,0.195,0.805,0.0,-0.4404,89,Mon Jun 04 22:10:13 +0000 2018,Ron Rockwell Hansen: US arrests man for trying to spy for China https://t.co/Iw8IlxeL6B
BBC,0.0,1.0,0.0,0.0,90,Mon Jun 04 21:51:42 +0000 2018,Putin says Russia not aiming to divide EU https://t.co/pIr83FStfl
BBC,0.0,1.0,0.0,0.0,91,Mon Jun 04 21:25:57 +0000 2018,Apple jams Facebook's web-tracking tools https://t.co/G0AsTYigTw
BBC,0.0,1.0,0.0,0.0,92,Mon Jun 04 21:21:20 +0000 2018,Starbucks boss leaves firm after 36 years https://t.co/KcUakTkvFd
BBC,0.0,1.0,0.0,0.0,93,Mon Jun 04 21:06:55 +0000 2018,Dinosaur skeleton sold to private buyer for ‚Ç¨1.6m at Paris auction https://t.co/ereUQ8ooxf
BBC,0.0,1.0,0.0,0.0,94,Mon Jun 04 21:04:15 +0000 2018,Guatemala Fuego: Search after deadly volcano eruption https://t.co/s6CY92KccW
BBC,0.31,0.69,0.0,-0.6705,95,Mon Jun 04 19:16:00 +0000 2018,Maine man killed in hit-and-run ran over a girl in 1968 https://t.co/isZY3dMWkr
BBC,0.0,0.737,0.263,0.3612,96,Mon Jun 04 18:59:41 +0000 2018,Russia puts a smile on Kim Jong-un's face https://t.co/CmvaJ3ijnC
BBC,0.098,0.902,0.0,-0.0516,97,Mon Jun 04 18:59:41 +0000 2018,Denmark backs fence on German border to keep out wild boar https://t.co/3Zf8IeXahF
BBC,0.351,0.541,0.108,-0.5719,98,Mon Jun 04 18:47:47 +0000 2018,Tunisia migrant shipwreck death toll reaches 112 https://t.co/Rnj6nvZOe5
BBC,0.375,0.625,0.0,-0.6597,99,Mon Jun 04 16:32:02 +0000 2018,Italians shocked by man's selfie after train accident in Piacenza https://t.co/BpE2CVICYE
BBC,0.423,0.577,0.0,-0.6597,100,Mon Jun 04 16:07:02 +0000 2018,'Remarkable' therapy beats terminal breast cancer https://t.co/E21jrB3cvI
CBS,0.0,0.821,0.179,0.34,1,Wed Jun 06 08:48:04 +0000 2018,Social Security says system's costs will exceed income this year https://t.co/GeEEMRzkj0 https://t.co/t3VnoOHYyS
CBS,0.324,0.676,0.0,-0.5859,2,Wed Jun 06 08:33:04 +0000 2018,FBI agent whose gun accidentally went off in nightclub identified https://t.co/mdjjT4mlZl https://t.co/J3yPtuSDQx
CBS,0.352,0.463,0.185,-0.5574,3,Wed Jun 06 08:18:03 +0000 2018,Secret Service arrests White House contractor with outstanding attempted murder warrant https://t.co/gtA0FC9Ya4 https://t.co/mWFKUj8JFe
CBS,0.371,0.629,0.0,-0.7579,4,Wed Jun 06 08:03:03 +0000 2018,Suspect shot by police after infant found dead in hotel freezer https://t.co/zcutRJzF5u https://t.co/aLFmWyJJXp
CBS,0.0,1.0,0.0,0.0,5,Wed Jun 06 07:48:03 +0000 2018,Deer caught on video tackling man on the highway in close call https://t.co/7XcCVIWaah https://t.co/CR5L8iWA5x
CBS,0.0,1.0,0.0,0.0,6,Wed Jun 06 07:33:03 +0000 2018,"New Horizons Pluto probe wakes up, on course for New Year's Day flyby https://t.co/z8ueRIRl2s https://t.co/TUSaW4osoN"
CBS,0.216,0.784,0.0,-0.5106,7,Wed Jun 06 07:18:03 +0000 2018,"Kelly Sadler, White House aide who insulted John McCain, is out https://t.co/bK5a7BqFbJ https://t.co/YiZ1zIWtCE"
CBS,0.149,0.676,0.176,0.1027,8,Wed Jun 06 07:03:04 +0000 2018,"No evidence sex robots have any health benefits, report says https://t.co/JtHgBHDX3M https://t.co/7wUBVVUthj"
CBS,0.297,0.703,0.0,-0.4215,9,Wed Jun 06 06:48:03 +0000 2018,Target workers accused of forcing woman to expose herself https://t.co/ZalUhq42U5 https://t.co/B6HSBBLT5n
CBS,0.0,1.0,0.0,0.0,10,Wed Jun 06 06:33:04 +0000 2018,Fans react to Trump canceling White House event for Philadelphia Eagles https://t.co/gyMHK66dJ4 https://t.co/FjfugXr5Ai
CBS,0.286,0.714,0.0,-0.6597,11,Wed Jun 06 06:18:04 +0000 2018,"""Horrific death"": New details on woman's hotel drowning during hurricane https://t.co/YvCYfJwGsI https://t.co/S30B1oSUrf"
CBS,0.0,0.874,0.126,0.3182,12,Wed Jun 06 06:06:01 +0000 2018,Republican John Cox secures his place in the California gubernatorial election alongside democrat Gavin Newsom. To‚Ä¶ https://t.co/7Qz4gqdv5f
CBS,0.1,0.795,0.105,0.0258,13,Wed Jun 06 05:19:33 +0000 2018,SWAT Team called to home of Parkland shooting survivor and gun control activist David Hogg due to prank call. Hogg‚Ä¶ https://t.co/LwYRx6UueU
CBS,0.0,0.824,0.176,0.4939,14,Wed Jun 06 04:50:01 +0000 2018,The first and newest Gerber babies reunited for an adorable photo that went viral. https://t.co/REy3PdjcW8 https://t.co/OjTFg0ZMWa
CBS,0.0,1.0,0.0,0.0,15,Wed Jun 06 04:28:52 +0000 2018,Democratic gubernatorial candidate Gavin Newsom advances to the November election in California.‚Ä¶ https://t.co/tHLblThqda
CBS,0.0,0.85,0.15,0.5719,16,Wed Jun 06 04:02:51 +0000 2018,Rep. Kristi Noem has won the GOP primary race for South Dakota Governor. The AP projects she will run against presu‚Ä¶ https://t.co/DxoiMe3tI4
CBS,0.0,0.812,0.188,0.5719,17,Wed Jun 06 03:48:56 +0000 2018,"Democratic Sen. Dianne Feinstein wins her party's California primary advancing to the general election and, possibl‚Ä¶ https://t.co/nXYl2YuVLt"
CBS,0.0,1.0,0.0,0.0,18,Wed Jun 06 03:34:29 +0000 2018,"‚ÄúThere's a lot of women who decided they could meet a threshold of raising money,‚Äù says @LeslieSanchez of the recor‚Ä¶ https://t.co/0Q0fvaZyez"
CBS,0.092,0.795,0.113,0.128,19,Wed Jun 06 03:00:41 +0000 2018,"Polls are now closed in California, where the unusual ""jungle primary"" means that one party could have no options o‚Ä¶ https://t.co/4qx1rJiTEn"
CBS,0.0,0.833,0.167,0.5859,20,Wed Jun 06 03:00:00 +0000 2018,"Des Moines businessman Fred Hubbell as winner in the Iowa Democratic primary for governor, according to the AP. He‚Ä¶ https://t.co/IitYBNGtAf"
CBS,0.0,1.0,0.0,0.0,21,Wed Jun 06 02:45:25 +0000 2018,"‚ÄúYes California is a big state, most anti-Trump state in the country. But where there are Republicans they are just‚Ä¶ https://t.co/79oxm86fus"
CBS,0.179,0.821,0.0,-0.5423,22,Wed Jun 06 02:41:32 +0000 2018,"Snafu in Los Angeles County complicates #CaliforniaPrimary2018 as ""random issue"" leaves more than 100,000 voters of‚Ä¶ https://t.co/4IHKRJXjt3"
CBS,0.0,1.0,0.0,0.0,23,Wed Jun 06 02:29:15 +0000 2018,The general election ballot is set in the U.S. Senate race in New Mexico: It‚Äôs Democratic Sen. Martin Heinrich vers‚Ä¶ https://t.co/yXrdRCVHcu
CBS,0.13,0.87,0.0,-0.4019,24,Wed Jun 06 02:19:04 +0000 2018,"""Our latest CBS News Battleground Tracker shows if the election were held today nationally, the House would effecti‚Ä¶ https://t.co/MUbHvNcCrF"
CBS,0.317,0.683,0.0,-0.8689,25,Wed Jun 06 02:14:38 +0000 2018,Renowned designer Kate Spade was found dead this morning in New York City of apparent suicide. Here‚Äôs a look back a‚Ä¶ https://t.co/r6lASu8GZe
CBS,0.0,0.863,0.137,0.4019,26,Wed Jun 06 02:00:34 +0000 2018,The AP has called the Republican primary race for Senate in favor of Mississippi Sen. Roger Wicker.‚Ä¶ https://t.co/BMUhc9jvti
CBS,0.157,0.843,0.0,-0.4063,27,Wed Jun 06 01:51:57 +0000 2018,"‚ÄúIf Democrats cannot flip a number of these seats, it presents an obstacle in terms of taking the House back in Nov‚Ä¶ https://t.co/JoYY1nlOl4"
CBS,0.0,1.0,0.0,0.0,28,Wed Jun 06 01:44:51 +0000 2018,"The Associated Press called the Democratic Senate primary for incumbent Sen. Bob Menendez, although the race was a‚Ä¶ https://t.co/uczUVKQyzd"
CBS,0.0,1.0,0.0,0.0,29,Wed Jun 06 01:37:32 +0000 2018,"Democratic Rep. Keith Ellison, the vice chairman of the Democratic National Committee, announced he's running for a‚Ä¶ https://t.co/ExNGq2TPlK"
CBS,0.0,0.844,0.156,0.4728,30,Wed Jun 06 01:14:22 +0000 2018,"‚ÄúAs far as the top of the ticket in November, the U.S. Senate race, there is a very small chance that Bob Hugin is‚Ä¶ https://t.co/ucZ859s0R3"
CBS,0.0,0.861,0.139,0.5267,31,Wed Jun 06 01:00:28 +0000 2018,Democrats will need to flip 23 seats in Republican-held districts in order to gain control of the House in 2018. CB‚Ä¶ https://t.co/m7LxRkTJdC
CBS,0.076,0.924,0.0,-0.1027,32,Wed Jun 06 00:21:38 +0000 2018,"When a five-year-old boy challenged a firefighter to a race to suit up in full gear, a heated competition ensued. A‚Ä¶ https://t.co/NBvmiZUiZp"
CBS,0.0,1.0,0.0,0.0,33,Wed Jun 06 00:14:31 +0000 2018,"""It depends on whether those trends we saw in that December election repeat. One of the things you did see [Doug] J‚Ä¶ https://t.co/AO9fFv2GoH"
CBS,0.0,1.0,0.0,0.0,34,Wed Jun 06 00:03:48 +0000 2018,"Polls are closing in Alabama, Mississippi, New Jersey and South Dakota. Follow our live blog for updates on Tuesday‚Ä¶ https://t.co/4cx2FsmCQ8"
CBS,0.134,0.693,0.173,0.2263,35,Tue Jun 05 23:54:30 +0000 2018,The Secret Service arrested a contractor outside the White House for an outstanding warrant that includes an attemp‚Ä¶ https://t.co/itFNlJZNVn
CBS,0.191,0.809,0.0,-0.5423,36,Tue Jun 05 23:37:59 +0000 2018,"Kelly Sadler, the White House aide who mocked Sen. McCain about his health last month, is ""no longer employed withi‚Ä¶ https://t.co/QHujSARaiz"
CBS,0.0,1.0,0.0,0.0,37,Tue Jun 05 23:29:35 +0000 2018,"Tuesday marks one of the most closely-watched election days before November's midterm elections as eight states, in‚Ä¶ https://t.co/SfFnrm8eYJ"
CBS,0.0,1.0,0.0,0.0,38,Tue Jun 05 23:14:42 +0000 2018,"A spectator kneeled during the national anthem at the White House's ""Celebration of America"" event, which was being‚Ä¶ https://t.co/WoZMZ6C2tL"
CBS,0.0,1.0,0.0,0.0,39,Tue Jun 05 23:01:02 +0000 2018,A long-distance swimmer who conquered the Atlantic 20 years ago is now taking on the Pacific. @JimAxelrod has his s‚Ä¶ https://t.co/E13IC82iGk
CBS,0.096,0.904,0.0,-0.1531,40,Tue Jun 05 22:56:37 +0000 2018,"The Miss America Organization is dropping the swimsuit competition from its nationally televised broadcast, saying‚Ä¶ https://t.co/38TY0RYW9A"
CBS,0.0,1.0,0.0,0.0,41,Tue Jun 05 22:49:38 +0000 2018,"RT @CBSEveningNews: The government is enlisting local law enforcement in the crackdown of undocumented immigrants

Officers in 78 departmen‚Ä¶"
CBS,0.0,0.792,0.208,0.6369,42,Tue Jun 05 22:46:12 +0000 2018,"Kate Spade, a designer who turned her love of handbags and accessories into a multinational, multibillion dollar br‚Ä¶ https://t.co/9sHOmgwLVd"
CBS,0.107,0.893,0.0,-0.34,43,Tue Jun 05 22:43:25 +0000 2018,New evacuations were ordered in Guatemala where the Volcano of Fire has been sending out ash and smoke. The officia‚Ä¶ https://t.co/XtPYm1211f
CBS,0.0,0.621,0.379,0.9001,44,Tue Jun 05 22:40:36 +0000 2018,There was supposed to be a celebration today at the White House in honor of the Super Bowl champion Philadelphia Ea‚Ä¶ https://t.co/VpoE2Gttt1
CBS,0.0,1.0,0.0,0.0,45,Tue Jun 05 22:37:44 +0000 2018,A government contractor was taken into custody at a Secret Service checkpoint when he showed up for work. He was wa‚Ä¶ https://t.co/UHZQAqpHA0
CBS,0.0,0.888,0.112,0.4404,46,Tue Jun 05 22:29:24 +0000 2018,"RT @CBSEveningNews: We‚Äôre on the air in the East. @JeffGlor is live from Studio 57 in NYC

Thanks for being with us #OriginalReporting #CBS‚Ä¶"
CBS,0.078,0.534,0.388,0.8271,47,Tue Jun 05 22:00:02 +0000 2018,"""No one wants the invite anyway.""  LeBron James came out in defense of the Super Bowl champion Philadelphia Eagles‚Ä¶ https://t.co/BZTFJLwaih"
CBS,0.0,1.0,0.0,0.0,48,Tue Jun 05 21:44:40 +0000 2018,Oprah Winfrey -- and the impact of her groundbreaking show -- is the subject of a new exhibit at the Smithsonian's‚Ä¶ https://t.co/1gyXnA1xaK
CBS,0.192,0.524,0.284,0.0258,49,Tue Jun 05 21:29:33 +0000 2018,"""The killing of a clearly identified medical staffer by security forces during a demonstration is particularly repr‚Ä¶ https://t.co/RvA1cdoE8Q"
CBS,0.0,0.847,0.153,0.4019,50,Tue Jun 05 21:14:56 +0000 2018,Kate Spade's globally recognized brand began with her simple wish for an unfussy handbag https://t.co/F3RgfdYvUx https://t.co/On2jDJ4bnC
CBS,0.272,0.728,0.0,-0.6808,51,Tue Jun 05 21:00:16 +0000 2018,"Police in a Pennsylvania town have caught a man suspected of stealing flags from several locations, including a rec‚Ä¶ https://t.co/vpOa1LVMSl"
CBS,0.102,0.777,0.121,0.1027,52,Tue Jun 05 20:44:37 +0000 2018,"Hoax call drew deputies and a SWAT team to the home of Parkland survivor David Hogg, officials say‚Ä¶ https://t.co/LLMInJewLU"
CBS,0.0,1.0,0.0,0.0,53,Tue Jun 05 20:29:53 +0000 2018,"For tonight‚Äôs #EyeOnAmerica, @DavidBegnaud spends a day in a Georgia jail where local police are deputized as ICE a‚Ä¶ https://t.co/RXlP3yg6QK"
CBS,0.0,1.0,0.0,0.0,54,Tue Jun 05 20:25:57 +0000 2018,A Florida woman says she has found Jesus...in a horseshoe crab shell. Do you think this resembles Christ?‚Ä¶ https://t.co/DfFTMU3549
CBS,0.0,1.0,0.0,0.0,55,Tue Jun 05 20:14:34 +0000 2018,"As its colossal merger closes, Bayer confirms that it is dropping Monsanto from its name https://t.co/xEO3BcKm4S https://t.co/9fsDZ8O5Va"
CBS,0.0,1.0,0.0,0.0,56,Tue Jun 05 20:01:21 +0000 2018,"Sen. Jeff Mekley (D-OR) says that what he witnessed in Texas at a migrant processing center is now ""seared"" in his‚Ä¶ https://t.co/pQu1LjgwGG"
CBS,0.107,0.805,0.087,-0.0772,57,Tue Jun 05 19:40:31 +0000 2018,"Today, the Miss America Organization announced a number of changes aimed at female empowerment:‚Ä¶ https://t.co/nEbq4oVrIG"
CBS,0.139,0.751,0.11,-0.128,58,Tue Jun 05 19:29:14 +0000 2018,Colorado Rockies draft pick deletes 2012 tweet wishing someone would shoot former President Obama‚Ä¶ https://t.co/gPPW5Et9Ly
CBS,0.206,0.794,0.0,-0.4847,59,Tue Jun 05 19:09:23 +0000 2018,"Pres. Trump, though standing, does not sing ""God Bless America"" word-for-word, nodding along to melody as military‚Ä¶ https://t.co/mCXenwDLiP"
CBS,0.0,0.7,0.3,0.8074,60,Tue Jun 05 19:05:33 +0000 2018,"Pres. Trump speaks at White House event that replaces visit from Super Bowl champions Philadelphia Eagles: ""We love‚Ä¶ https://t.co/73VN1bvPCV"
CBS,0.115,0.885,0.0,-0.3818,61,Tue Jun 05 19:02:43 +0000 2018,"""There are black and brown soldiers that fight in the military that feel taking the knee, bringing attention to pol‚Ä¶ https://t.co/ogScTHye3e"
CBS,0.0,0.679,0.321,0.8176,62,Tue Jun 05 19:00:24 +0000 2018,"""If the White House supports the [Colorado] baker's right of free speech, why doesn't the White House support the p‚Ä¶ https://t.co/vRUMn19T6h"
CBS,0.318,0.682,0.0,-0.7865,63,Tue Jun 05 18:59:36 +0000 2018,WARNING FOR PARENTS: Garden hoses left in the sun can result in scalding water. Fire Department issues a warning af‚Ä¶ https://t.co/VFqfapmbyU
CBS,0.0,1.0,0.0,0.0,64,Tue Jun 05 18:56:36 +0000 2018,".@PressSec: ""The president his position hasn't changed on this throughout the process...and the Eagles made the com‚Ä¶ https://t.co/5iGWRln2SE"
CBS,0.068,0.8,0.132,0.3832,65,Tue Jun 05 18:51:19 +0000 2018,"""I think you all know I'm an honest person that works extremely hard to provide you with accurate information at al‚Ä¶ https://t.co/x7NWuz7mZm"
CBS,0.0,1.0,0.0,0.0,66,Tue Jun 05 18:48:16 +0000 2018,.@PressSec declines to comment on discrepancy between her past remarks on Donald Trump Jr. statement and letter fro‚Ä¶ https://t.co/kwY99hW5td
CBS,0.0,1.0,0.0,0.0,67,Tue Jun 05 18:41:12 +0000 2018,"Reporter: ""Is the president aware that not a single player on the Eagles, for the entire season, knelt for the nati‚Ä¶ https://t.co/hGJQWcZJNX"
CBS,0.095,0.905,0.0,-0.2263,68,Tue Jun 05 18:27:37 +0000 2018,WATCH LIVE: @PressSec holds White House briefing after Pres. Trump cancels Eagles event; chair of Council of Econom‚Ä¶ https://t.co/yEfdc7kITH
CBS,0.0,1.0,0.0,0.0,69,Tue Jun 05 18:16:33 +0000 2018,WATCH LIVE: Senate Republicans address reporters on Capitol Hill after Senate Majority Leader Mitch McConnell cance‚Ä¶ https://t.co/3DI5RY6Lke
CBS,0.0,0.723,0.277,0.7096,70,Tue Jun 05 18:15:28 +0000 2018,Man with Down syndrome gets huge surprise from boss -- and the smile on his face says it all https://t.co/TeGTHbpQzx https://t.co/s3fQ3tbqGZ
CBS,0.278,0.478,0.244,-0.1779,71,Tue Jun 05 17:59:43 +0000 2018,Infant abducted by her sex offender father found safe after Amber Alert https://t.co/6HVCZpIX0b https://t.co/I8m7agUEPb
CBS,0.101,0.899,0.0,-0.2263,72,Tue Jun 05 17:47:28 +0000 2018,"NEW: Senate Majority Leader Mitch McConnell cancels Senate's August recess ""due to the historic obstruction by Sena‚Ä¶ https://t.co/I4qEm0C6Xi"
CBS,0.306,0.694,0.0,-0.8689,73,Tue Jun 05 17:45:09 +0000 2018,Kate Spade was found dead today at the age of 55 following an apparent suicide. The renowned designer was known for‚Ä¶ https://t.co/qKMyqPtRdA
CBS,0.29,0.71,0.0,-0.6486,74,Tue Jun 05 17:30:29 +0000 2018,Jeff Sessions argues it's necessary to separate children from parents when detained at border:‚Ä¶ https://t.co/oT8phOnCxn
CBS,0.5,0.5,0.0,-0.9001,75,Tue Jun 05 17:14:40 +0000 2018,"A suspect accused of stealing flags from a war memorial claimed he needed new curtains, police say‚Ä¶ https://t.co/dc9kNviOZR"
CBS,0.302,0.698,0.0,-0.5994,76,Tue Jun 05 16:58:52 +0000 2018,Puerto Rico ordered to release hurricane-related death data https://t.co/OGCQYZDZeu https://t.co/paN4xyPElh
CBS,0.355,0.645,0.0,-0.8689,77,Tue Jun 05 16:32:57 +0000 2018,"NEW: Renowned designer Kate Spade, 55, found dead in her Manhattan apartment following an apparent suicide, police‚Ä¶ https://t.co/ZxTyypiadQ"
CBS,0.0,1.0,0.0,0.0,78,Tue Jun 05 16:15:12 +0000 2018,"It's a jungle (primary) out there: under California's open primary system, all candidates run on the same ballot, r‚Ä¶ https://t.co/EWLQLVwP6f"
CBS,0.202,0.798,0.0,-0.5106,79,Tue Jun 05 16:11:02 +0000 2018,"White House casts blame on Philadelphia Eagles after President Trump cancels event: ""In other words, the vast major‚Ä¶ https://t.co/MRQGoyuXOa"
CBS,0.266,0.734,0.0,-0.7003,80,Tue Jun 05 15:59:34 +0000 2018,Mom who allowed men to rape her 5 and 6-year-old daughters for drugs and cash sentenced to prison‚Ä¶ https://t.co/x6MstKAhUB
CBS,0.0,0.813,0.187,0.5994,81,Tue Jun 05 15:44:49 +0000 2018,"After the @Eagles were disinvited from their Super Bowl celebration at the White House today, Philadelphia's mayor‚Ä¶ https://t.co/SSXqxspLtD"
CBS,0.227,0.773,0.0,-0.6486,82,Tue Jun 05 15:29:46 +0000 2018,"Former sheriff's deputy says ""there was no time"" to intervene in Parkland shooting, says he's haunted by what happe‚Ä¶ https://t.co/n5tGJ5z0IB"
CBS,0.124,0.655,0.221,0.396,83,Tue Jun 05 15:18:09 +0000 2018,"Harvey Weinstein pleaded not guilty to rape in the first and third degree and criminal sexual act. He maintains, th‚Ä¶ https://t.co/TSfz4xgezM"
CBS,0.192,0.808,0.0,-0.4215,84,Tue Jun 05 15:14:40 +0000 2018,"Miss America is dropping the swimsuit competition from its nationally televised broadcast, and will no longer judge‚Ä¶ https://t.co/YL9WvuVahf"
CBS,0.233,0.509,0.258,0.1456,85,Tue Jun 05 15:14:23 +0000 2018,NEW: Harvey Weinstein has pleaded not guilty to rape and criminal sex act charges https://t.co/4ZCKujyxtF https://t.co/FHjwMZQ9oG
CBS,0.0,0.772,0.228,0.7346,86,Tue Jun 05 15:02:38 +0000 2018,"""That is the most important thing, that this team stays together and be the great team that we are. Don't let Donal‚Ä¶ https://t.co/zUe5zcdp75"
CBS,0.119,0.881,0.0,-0.4019,87,Tue Jun 05 15:01:07 +0000 2018,‚ÄúMany mayors have stood up against this tyrant. He is trying to turn this country into a dictatorship by ignoring t‚Ä¶ https://t.co/x4jXcZtI0u
CBS,0.0,0.822,0.178,0.3818,88,Tue Jun 05 14:59:56 +0000 2018,"President Trump, facing GOP pushback, vows U.S. trade will be stronger https://t.co/pHxzDySvhV https://t.co/h0d30ld61l"
CBS,0.081,0.748,0.171,0.4867,89,Tue Jun 05 14:58:00 +0000 2018,"""Donald Trump ruins a lot of things but he can't ruin this,"" Philadelphia Mayor Jim Kenney says after the president‚Ä¶ https://t.co/i2tbnwdQLY"
CBS,0.0,1.0,0.0,0.0,90,Tue Jun 05 14:55:21 +0000 2018,WATCH: Philadelphia Mayor Jim Kenney joins CBSN after President Trump canceled the Eagle's trip to the White House‚Ä¶ https://t.co/Q4yA7rg6j7
CBS,0.0,1.0,0.0,0.0,91,Tue Jun 05 14:44:39 +0000 2018,Oprah's Book Club: Her latest pick by Anthony Ray Hinton was revealed on @CBSThisMorning  https://t.co/IHGNQVZQrQ https://t.co/eakMD1viMB
CBS,0.125,0.875,0.0,-0.25,92,Tue Jun 05 14:34:16 +0000 2018,The national anthem at sporting events has a long history of protest and patriotism https://t.co/5DiIwprStj https://t.co/2wxwKkWUDr
CBS,0.0,1.0,0.0,0.0,93,Tue Jun 05 13:57:02 +0000 2018,MOMENTS AGO: Harvey Weinstein arrives for court appearance in New York City https://t.co/IhrymDDFnB https://t.co/jCSiIsWv7A
CBS,0.204,0.669,0.126,-0.2732,94,Tue Jun 05 13:44:42 +0000 2018,"When her mom got into a car accident, this little girl went from ""hysterical"" to peacefully fast asleep in a fire f‚Ä¶ https://t.co/Yw4otWbxNK"
CBS,0.065,0.791,0.144,0.4019,95,Tue Jun 05 13:33:14 +0000 2018,"Hard numbers:
- At the 500-day mark, Pres. Trump‚Äôs¬†approval rating¬†among Republicans is 87%
- U.S. cable news devot‚Ä¶ https://t.co/xKcGJguA0i"
CBS,0.0,1.0,0.0,0.0,96,Tue Jun 05 13:29:35 +0000 2018,"First lady Melania Trump reappears after 24 days out of public view
https://t.co/MS3vW3F5FW https://t.co/xEcG38APlM"
CBS,0.0,1.0,0.0,0.0,97,Tue Jun 05 13:24:11 +0000 2018,President Trump is gearing up for a major global summit in Canada this weekend. Here's what you need to know:‚Ä¶ https://t.co/WoYqR4jf3A
CBS,0.082,0.918,0.0,-0.1779,98,Tue Jun 05 13:14:55 +0000 2018,An international human rights group is accusing the U.S. and its allies of showing little regard for civilians' liv‚Ä¶ https://t.co/FWqEo2Uxqu
CBS,0.0,1.0,0.0,0.0,99,Tue Jun 05 13:08:37 +0000 2018,"RT @CBSThisMorning: Anthony Ray Hinton remembers 5 things an officer told him when he was wrongfully-convicted: 
1) You're black
2) A white‚Ä¶"
CBS,0.0,0.891,0.109,0.296,100,Tue Jun 05 13:00:01 +0000 2018,"The UN human rights office is calling on the Trump administration to ""immediately halt"" its ""zero tolerance"" policy‚Ä¶ https://t.co/A25c92TlAx"
CNN,0.158,0.842,0.0,-0.4588,1,Wed Jun 06 08:49:47 +0000 2018,"San Francisco has banned sales of flavored tobacco products, including menthol cigarettes and flavored vaping liqui‚Ä¶ https://t.co/KmbPpmQBMn"
CNN,0.0,0.929,0.071,0.1531,2,Wed Jun 06 08:39:07 +0000 2018,What do giant doughnuts and a hot dog as big as a firetruck have in common? They are some of the peculiar buildings‚Ä¶ https://t.co/KQkwSfC7ft
CNN,0.0,0.742,0.258,0.765,3,Wed Jun 06 08:09:05 +0000 2018,"""We thank our great Singaporean hosts for their hospitality."" Donald Trump and Kim Jong Un will meet at the Capella‚Ä¶ https://t.co/XqXxpEqTel"
CNN,0.167,0.833,0.0,-0.4939,4,Wed Jun 06 07:55:04 +0000 2018,Van Jones says it's 'beyond insulting' for the White House to lecture black people on patriotism‚Ä¶ https://t.co/cn00aeyxAX
CNN,0.0,1.0,0.0,0.0,5,Wed Jun 06 07:45:05 +0000 2018,Syphilis cases hit highest level in almost 70 years in England https://t.co/Tbwh5QEmlJ https://t.co/dQVtvcatA3
CNN,0.0,1.0,0.0,0.0,6,Wed Jun 06 07:31:08 +0000 2018,"Ex-White House communications director Anthony Scaramucci says ""someone had it out"" for the White House communicati‚Ä¶ https://t.co/J5dZixCOFK"
CNN,0.161,0.699,0.14,-0.0772,7,Wed Jun 06 07:15:08 +0000 2018,China's exam migrants desperate for chance to sit life-changing gaokao https://t.co/3Lrj9GhsK5 https://t.co/iSTAHdYniM
CNN,0.0,0.892,0.108,0.3182,8,Wed Jun 06 07:00:07 +0000 2018,"The original Gerber baby, Ann Turner Cook, met with 2018 spokesbaby Lucas Warren, the first child with Down syndrom‚Ä¶ https://t.co/W4GxQyxhnU"
CNN,0.218,0.782,0.0,-0.5994,9,Wed Jun 06 06:45:05 +0000 2018,The stark reminder in Kate Spade's bewildering death | By Peggy Drexler via @CNNOpinion https://t.co/2VLmy55uM0 https://t.co/btbVFwUb43
CNN,0.0,1.0,0.0,0.0,10,Wed Jun 06 06:39:02 +0000 2018,Syphilis cases hit highest level in almost 70 years in England https://t.co/tlSbQBQB78 https://t.co/8H3RAL0fqK
CNN,0.211,0.789,0.0,-0.4939,11,Wed Jun 06 06:31:20 +0000 2018,A stolen armored personnel carrier led police on a two-hour chase through Virginia https://t.co/BJ7kthcVIk https://t.co/pm7Qykpv1W
CNN,0.0,0.742,0.258,0.765,12,Wed Jun 06 06:24:04 +0000 2018,"""We thank our great Singaporean hosts for their hospitality."" Donald Trump and Kim Jong Un will meet at the Capella‚Ä¶ https://t.co/Lxj9XYvBat"
CNN,0.0,1.0,0.0,0.0,13,Wed Jun 06 06:16:00 +0000 2018,"Steamboat Geyser in Yellowstone National Park is erupting unusually often. One June 4, the geyser had its eighth er‚Ä¶ https://t.co/puZpbMqbrs"
CNN,0.167,0.833,0.0,-0.4939,14,Wed Jun 06 06:00:03 +0000 2018,"Van Jones says it's ""beyond insulting"" for White House to lecture black people on patriotism https://t.co/RYOQm7JYC4 https://t.co/VKHlORbWNt"
CNN,0.074,0.703,0.223,0.5859,15,Wed Jun 06 05:46:00 +0000 2018,"Tyler Soloman wiped tears of joy off his face after his father, who'd been deployed overseas, surprised Tyler by sh‚Ä¶ https://t.co/BpK3BfmxhF"
CNN,0.0,1.0,0.0,0.0,16,Wed Jun 06 05:30:09 +0000 2018,New Mexico's Deb Haaland likely to be first Native American congresswoman https://t.co/OZOPO7jDW1 https://t.co/OEFKSW4jYq
CNN,0.0,0.899,0.101,0.2263,17,Wed Jun 06 05:16:00 +0000 2018,This US Army soldier traveled from Iraq for his daughter‚Äôs graduation and surprised her at the rehearsal‚Ä¶ https://t.co/9WgWl36bTp
CNN,0.0,1.0,0.0,0.0,18,Wed Jun 06 05:01:03 +0000 2018,World Cup 2022: Meet the Qataris making the most of soccer's showcase https://t.co/gUHREnFgxE https://t.co/D2fNV5SoZP
CNN,0.0,1.0,0.0,0.0,19,Wed Jun 06 05:00:54 +0000 2018,Lt. Gov. Gavin Newsom and Republican John Cox will advance to the general election in the California governor‚Äôs rac‚Ä¶ https://t.co/CnG4PfCSUo
CNN,0.0,1.0,0.0,0.0,20,Wed Jun 06 04:46:00 +0000 2018,Surveillance camera footage from this weekend shows a tiny asteroid that NASA says disintegrated over southern Afri‚Ä¶ https://t.co/rcf8bYwBa7
CNN,0.0,0.847,0.153,0.4404,21,Wed Jun 06 04:31:05 +0000 2018,The question that hovers over Kate Spade's bright life | By Joseph V. Amodio via @CNNOpinion https://t.co/ZlcJvUUTDx https://t.co/Gl19aok4mN
CNN,0.0,1.0,0.0,0.0,22,Wed Jun 06 04:25:13 +0000 2018,"Lt. Gov. Gavin Newsom advances to the November election in California governor‚Äôs race, CNN projects‚Ä¶ https://t.co/LZE8kMLfGg"
CNN,0.0,0.677,0.323,0.7351,23,Wed Jun 06 04:16:00 +0000 2018,This delivery man is being praised for taking a welcome mat's quirky instructions literally https://t.co/JTIKQxzCvS https://t.co/GGrgV6wjIh
CNN,0.0,0.684,0.316,0.8074,24,Wed Jun 06 04:01:05 +0000 2018,"If you haven't been to Hong Kong in a while, a huge variety of exciting attractions have either just opened or are‚Ä¶ https://t.co/O9B2p6Mn6X"
CNN,0.0,1.0,0.0,0.0,25,Wed Jun 06 03:56:46 +0000 2018,RT @CuomoPrimeTime: Former White House Communications Director Anthony @Scaramucci says ‚Äúsomeone had it out‚Äù for former WH communications a‚Ä¶
CNN,0.0,1.0,0.0,0.0,26,Wed Jun 06 03:56:27 +0000 2018,What Kate Spade modeled for young women -- and their moms | By Hilary George-Parkin via @CNNOpinion‚Ä¶ https://t.co/CzZpVjz91V
CNN,0.0,0.776,0.224,0.6705,27,Wed Jun 06 03:47:26 +0000 2018,"Henry Winkler, known for playing Arthur ""Fonzie"" Fonzarelli in ""Happy Days,"" tweeted that he was one of the many Ca‚Ä¶ https://t.co/URwzEtzAA0"
CNN,0.167,0.833,0.0,-0.4939,28,Wed Jun 06 03:43:56 +0000 2018,"A stolen armored personnel carrier led police on a two-hour chase through Virginia on Tuesday night.

Police pursue‚Ä¶ https://t.co/HpBfvHrX3h"
CNN,0.0,1.0,0.0,0.0,29,Wed Jun 06 03:40:49 +0000 2018,California gubernatorial candidate Antonio Villaraigosa is calling on the Los Angeles County Registrar-Recorder to‚Ä¶ https://t.co/FE6u4sBfE5
CNN,0.0,1.0,0.0,0.0,30,Wed Jun 06 03:30:35 +0000 2018,"Republican Rep. Martha Roby, the Alabama congresswoman who un-endorsed Donald Trump in 2016 when the ""Access Hollyw‚Ä¶ https://t.co/novr070USw"
CNN,0.0,0.825,0.175,0.5574,31,Wed Jun 06 03:23:19 +0000 2018,The Democratic Congressional Campaign Committee got a series of positive results tonight when all four of their top‚Ä¶ https://t.co/x4MgccdOEY
CNN,0.138,0.862,0.0,-0.4927,32,Wed Jun 06 03:14:28 +0000 2018,"RT @CNNTonight: ""It's extremely frustrating as a veteran ... to serve your country, especially overseas though, and come back to such a div‚Ä¶"
CNN,0.211,0.789,0.0,-0.4939,33,Wed Jun 06 03:14:16 +0000 2018,A stolen armored personnel carrier led police on a two-hour chase through Virginia https://t.co/adapbHpfj7 https://t.co/e4cTyKhNP6
CNN,0.0,1.0,0.0,0.0,34,Wed Jun 06 03:11:12 +0000 2018,Democrats flip 42nd state legislative seat since President Trump took office https://t.co/XfrMn3fdSi https://t.co/VXXLOwVNzB
CNN,0.145,0.855,0.0,-0.296,35,Wed Jun 06 03:07:04 +0000 2018,"Cricket Australia Chief Executive James Sutherland has announced his resignation, following a ball-tampering scanda‚Ä¶ https://t.co/FWJ834vD0E"
CNN,0.0,1.0,0.0,0.0,36,Wed Jun 06 03:00:53 +0000 2018,Polls are now closed in all eight states and all eyes are on California. Follow along for the latest updates:‚Ä¶ https://t.co/IoX3Mof86j
CNN,0.152,0.711,0.137,-0.0772,37,Wed Jun 06 02:58:37 +0000 2018,Alabama congresswoman who dropped support for Donald Trump in 2016 is forced into a runoff https://t.co/Q1gNJlzUtw https://t.co/KEIHxJXEbw
CNN,0.0,0.762,0.238,0.6486,38,Wed Jun 06 02:53:57 +0000 2018,"Facebook says it has a deal to share user data with Huawei, a Chinese smartphone maker that US intelligence agencie‚Ä¶ https://t.co/G1WnmsCG2Y"
CNN,0.0,0.83,0.17,0.4404,39,Wed Jun 06 02:49:55 +0000 2018,The European Union's top court has ruled that same-sex couples are entitled to the same residency rights as other m‚Ä¶ https://t.co/86ENIlwFk2
CNN,0.0,0.827,0.173,0.5267,40,Wed Jun 06 02:47:44 +0000 2018,"RT @CNNTonight: ""What happened to the press corps?"" - @DonLemon
""Many of the people in that room want to be friends with these administrati‚Ä¶"
CNN,0.0,1.0,0.0,0.0,41,Wed Jun 06 02:46:35 +0000 2018,Giant donuts and a shoe you can walk into: Here's a look at California's strangest buildings‚Ä¶ https://t.co/fPm1ztGtGh
CNN,0.07,0.635,0.295,0.7213,42,Wed Jun 06 02:40:51 +0000 2018,"""She could make me laugh so hard. I still can't believe it."" Actor David Spade shared a warm Christmas memory in a‚Ä¶ https://t.co/Df3LGnCPp1"
CNN,0.13,0.87,0.0,-0.4019,43,Wed Jun 06 02:30:42 +0000 2018,So how big a deal is the L.A. County printing error? | Analysis by CNN's Chris Cillizza and Harry Enten‚Ä¶ https://t.co/mdkJ1iV7LC
CNN,0.0,1.0,0.0,0.0,44,Wed Jun 06 02:14:03 +0000 2018,"Eight states are holding primary elections today, making it the biggest primary night of 2018 so far‚Ä¶ https://t.co/SwgSLJWKrp"
CNN,0.086,0.824,0.09,0.0258,45,Wed Jun 06 02:12:03 +0000 2018,"‚ÄúPeople who look like me have put blood in the ground, and put martyrs in the dirt for this country, to have it be‚Ä¶ https://t.co/RbCQ94enry"
CNN,0.0,0.735,0.265,0.5574,46,Wed Jun 06 01:54:35 +0000 2018,How a positive statement made millions for this T-shirt company https://t.co/k9Po6IMQHK https://t.co/FrAa4pjrnt
CNN,0.0,0.669,0.331,0.8555,47,Wed Jun 06 01:40:15 +0000 2018,.@ChrisCuomo on NFL anthem controversy: ‚ÄúUnconditional love for this country is expressed in our freedom and our re‚Ä¶ https://t.co/9zW9YIPDKc
CNN,0.0,1.0,0.0,0.0,48,Wed Jun 06 01:37:21 +0000 2018,"RT @CuomoPrimeTime: ‚ÄúYou‚Äôre a New Yorker, and I‚Äôm a New Yorker and sometimes we are prone to a little embellishment and hyperbole‚Äù 

Former‚Ä¶"
CNN,0.0,1.0,0.0,0.0,49,Wed Jun 06 01:36:03 +0000 2018,Elon Musk tells shareholders Tesla won't run out of cash any time soon https://t.co/mCc4JYSyDr https://t.co/agkuotPQ12
CNN,0.0,1.0,0.0,0.0,50,Wed Jun 06 01:34:29 +0000 2018,.@ChrisCuomo: ‚ÄúThe President is invited to come on this show anytime he wants. It's an open offer‚Äù‚Ä¶ https://t.co/jWE0PRlP9x
CNN,0.124,0.876,0.0,-0.4019,51,Wed Jun 06 01:30:46 +0000 2018,"A random printing error left more than 118,000 California voters off rosters in Los Angeles County in the midst of‚Ä¶ https://t.co/s7k9b5MSP6"
CNN,0.138,0.862,0.0,-0.4939,52,Wed Jun 06 01:23:16 +0000 2018,"""It wasn't my finest hour."" Former President Bill Clinton says he was mad at himself over his recent comments about‚Ä¶ https://t.co/meUOhDuixp"
CNN,0.231,0.769,0.0,-0.6249,53,Wed Jun 06 01:15:43 +0000 2018,"As Republicans prepare to marshal all available resources for what is expected to be a difficult midterm battle, Wh‚Ä¶ https://t.co/2E6XYpwppU"
CNN,0.0,1.0,0.0,0.0,54,Wed Jun 06 00:59:30 +0000 2018,"Steamboat Geyser in Yellowstone National Park is erupting unusually often. One June 4, the geyser had its eighth er‚Ä¶ https://t.co/SOKNdYRH53"
CNN,0.172,0.828,0.0,-0.4019,55,Wed Jun 06 00:47:14 +0000 2018,Paul Manafort could be in big trouble | By Paul Callan via @CNNOpinion https://t.co/uSG5WQVf5m https://t.co/kxq7dM9wzf
CNN,0.0,1.0,0.0,0.0,56,Wed Jun 06 00:43:28 +0000 2018,"RT @CuomoPrimeTime: Coming up: Former White House Communications Director Anthony @Scaramucci joins @ChrisCuomo on #CuomoPrimeTime, 9p, ET‚Ä¶"
CNN,0.0,0.841,0.159,0.5267,57,Wed Jun 06 00:43:22 +0000 2018,Attorney General Jeff Sessions and the Justice Department have taken a lead role in announcing and defending the Tr‚Ä¶ https://t.co/KJUa0pEQHe
CNN,0.0,0.803,0.197,0.5994,58,Wed Jun 06 00:40:24 +0000 2018,RT @AC360: ‚ÄúTrump relishes this reality-like TV world that he lives in all by himself‚Ä¶ he is an emotional and intellectual lilliputian.‚Äù‚Ä¶
CNN,0.0,1.0,0.0,0.0,59,Wed Jun 06 00:38:24 +0000 2018,State Department spokeswoman Heather Nauert cited the D-Day invasion during an answer about the current state of US‚Ä¶ https://t.co/e00nFoaH4f
CNN,0.0,1.0,0.0,0.0,60,Wed Jun 06 00:37:12 +0000 2018,Here are some key events in the talks between the Trump and Mueller teams https://t.co/s9psjAaVGj https://t.co/rLZruhOViE
CNN,0.273,0.648,0.079,-0.6369,61,Wed Jun 06 00:30:41 +0000 2018,"Seattle just passed a controversial ""Amazon tax"" to alleviate the city's housing crisis, and now there's considerat‚Ä¶ https://t.co/eDt2hA0CAw"
CNN,0.085,0.809,0.106,0.128,62,Wed Jun 06 00:24:43 +0000 2018,"Anderson Cooper: When it comes to the Eagles and political stunts, it sounds like the White House doth protest too‚Ä¶ https://t.co/eEtXC5piUT"
CNN,0.109,0.891,0.0,-0.296,63,Wed Jun 06 00:16:04 +0000 2018,The former head of USA Gymnastics exercised his Fifth Amendment right to avoid self-incrimination and declined to t‚Ä¶ https://t.co/8ttEooSDrY
CNN,0.0,1.0,0.0,0.0,64,Wed Jun 06 00:11:04 +0000 2018,"On Wednesday, President Donald Trump's White House will host its first iftar, the sundown meal that breaks fasts du‚Ä¶ https://t.co/FK5wcKuLZx"
CNN,0.0,0.87,0.13,0.2732,65,Wed Jun 06 00:09:07 +0000 2018,".@JohnKingCNN explains the significance of California's ""Jungle Primary"" and the impact it could have‚Ä¶ https://t.co/O20261Iee7"
CNN,0.0,0.829,0.171,0.3182,66,Wed Jun 06 00:06:08 +0000 2018,Republican senators say they have received commitments from President Donald Trump and his top lieutenants that Con‚Ä¶ https://t.co/ijAUGNdsEG
CNN,0.0,0.892,0.108,0.3182,67,Wed Jun 06 00:01:06 +0000 2018,"National Park Service acting director Paul Daniel Smith apologized to employees in an email for behaving ""in an ina‚Ä¶ https://t.co/LUf7aGLVR7"
CNN,0.0,0.823,0.177,0.5106,68,Tue Jun 05 23:49:27 +0000 2018,"""I think that this is all a stunt, and I think that the President is playing the NFL like a fiddle, and these playe‚Ä¶ https://t.co/UnYhb9xeTr"
CNN,0.0,0.894,0.106,0.2263,69,Tue Jun 05 23:46:01 +0000 2018,This Army soldier traveled from Iraq for his daughter‚Äôs graduation and surprised her at the rehearsal‚Ä¶ https://t.co/A0K4B3Z06B
CNN,0.134,0.866,0.0,-0.4767,70,Tue Jun 05 23:42:54 +0000 2018,"RT @CNNSitRoom: On the President continuing to attack Attorney General Jeff Sessions, @RepAdamSchiff says if he were one of Trump‚Äôs lawyers‚Ä¶"
CNN,0.302,0.698,0.0,-0.8316,71,Tue Jun 05 23:40:00 +0000 2018,A White House contractor wanted by police on an attempted first-degree murder charge was arrested as he came in to‚Ä¶ https://t.co/kaYfR7pbzp
CNN,0.0,1.0,0.0,0.0,72,Tue Jun 05 23:31:07 +0000 2018,"For the first time in at least 20 years, there are now more job openings than there are people looking for work, ac‚Ä¶ https://t.co/CPRrBKuBNB"
CNN,0.0,1.0,0.0,0.0,73,Tue Jun 05 23:16:00 +0000 2018,This surveillance camera footage shows a tiny asteroid that NASA says disintegrated over southern Africa https://t.co/LvxGW3DO4C
CNN,0.0,0.901,0.099,0.3182,74,Tue Jun 05 23:11:03 +0000 2018,"The original Gerber baby, Ann Turner Cook, met with Lucas Warren, the first child with Down syndrome named as the b‚Ä¶ https://t.co/hjBMOApIsT"
CNN,0.074,0.703,0.223,0.5859,75,Tue Jun 05 23:06:49 +0000 2018,"Tyler Soloman wiped tears of joy off his face after his father, who'd been deployed overseas, surprised Tyler by sh‚Ä¶ https://t.co/dZHUPa782l"
CNN,0.126,0.874,0.0,-0.3818,76,Tue Jun 05 23:01:07 +0000 2018,President Trump has unblocked the 7 plaintiffs who sued him and members of his administration for blocking them on‚Ä¶ https://t.co/5AH11urc02
CNN,0.095,0.905,0.0,-0.2263,77,Tue Jun 05 22:59:48 +0000 2018,White House communications aide Kelly Sadler was quietly let go nearly a month after making an insensitive remark a‚Ä¶ https://t.co/dynu5Lciby
CNN,0.0,1.0,0.0,0.0,78,Tue Jun 05 22:51:04 +0000 2018,Former FBI Deputy Director Andrew McCabe has requested immunity in exchange for testifying at an upcoming congressi‚Ä¶ https://t.co/EeK45nooGd
CNN,0.0,0.677,0.323,0.7351,79,Tue Jun 05 22:46:00 +0000 2018,This delivery man is being praised for taking a welcome mat's quirky instructions literally https://t.co/JTIKQxRdUs https://t.co/iD4F80ctIY
CNN,0.069,0.931,0.0,-0.1027,80,Tue Jun 05 22:41:05 +0000 2018,It's hard to remember a time when Starbucks wasn't on every big-city corner and in every US suburban shopping cente‚Ä¶ https://t.co/g2w4az5dt3
CNN,0.0,1.0,0.0,0.0,81,Tue Jun 05 22:31:10 +0000 2018,"Iowa Republican Sen. Joni Ernst called EPA Administrator Scott Pruitt ""as swampy as you get"" https://t.co/M3QQOAYqgB https://t.co/IA0ep23Xu4"
CNN,0.104,0.896,0.0,-0.296,82,Tue Jun 05 22:24:10 +0000 2018,"‚ÄúIf there was no collusion, then why lie about what took place in Trump Tower?‚Äù Rep. Adam Schiff asks‚Ä¶ https://t.co/afT6Ame3r6"
CNN,0.0,1.0,0.0,0.0,83,Tue Jun 05 22:21:10 +0000 2018,Women recount why their Kate Spade purse was more than a handbag https://t.co/pZqEb4ZZdz via @CNNStyle https://t.co/lpJ1uaNhoK
CNN,0.0,0.905,0.095,0.2263,84,Tue Jun 05 22:15:48 +0000 2018,"How Apple, which is currently worth $945 billion and on track to become the first-ever trillion-dollar company, has‚Ä¶ https://t.co/yXvihg6Udk"
CNN,0.16,0.777,0.063,-0.4588,85,Tue Jun 05 22:10:16 +0000 2018,"Former Illinois Gov. Rod Blagojevich is officially asking President Donald Trump to commute his prison sentence, fi‚Ä¶ https://t.co/QLQ2UqbZJ9"
CNN,0.074,0.926,0.0,-0.1531,86,Tue Jun 05 22:02:51 +0000 2018,"""On a personal level, we can all follow the ethos of the Miss America competition, and make a conscious effort to s‚Ä¶ https://t.co/noPAGo1Y4B"
CNN,0.32,0.68,0.0,-0.7906,87,Tue Jun 05 21:58:59 +0000 2018,RT @TheLeadCNN: @jaketapper .@jaketapper: The President lies about the Eagles protesting during the Anthem. The White House accuses them of‚Ä¶
CNN,0.078,0.777,0.145,0.3182,88,Tue Jun 05 21:58:32 +0000 2018,The Teamsters and United Parcel Service could be heading toward the nation's largest strike in decades‚Ä¶ https://t.co/9t3tiGX4M4
CNN,0.092,0.795,0.113,0.128,89,Tue Jun 05 21:55:22 +0000 2018,RT @CNNSitRoom: Special counsel's office has accused former Trump campaign chairman Paul Manafort of attempting to get witnesses to lie for‚Ä¶
CNN,0.186,0.717,0.097,-0.4767,90,Tue Jun 05 21:48:47 +0000 2018,"BREAKING: Kelly Sadler, the White House communications aide who joked about Sen. John McCain's brain cancer last mo‚Ä¶ https://t.co/7WKDkEKgqB"
CNN,0.167,0.833,0.0,-0.6597,91,Tue Jun 05 21:41:03 +0000 2018,"In the days before he took his own life, Dwight Lamon Jones went on a killing spree, shooting six people in three A‚Ä¶ https://t.co/OICpvUpbrw"
CNN,0.135,0.705,0.16,0.1027,92,Tue Jun 05 21:31:07 +0000 2018,An Auschwitz survivor warned the Italian Senate away from anti-immigrant actions https://t.co/TpLtXCQUDp https://t.co/xAA9EQ2Nsv
CNN,0.0,1.0,0.0,0.0,93,Tue Jun 05 21:21:03 +0000 2018,More than 100 monuments and symbols have been removed from 22 states and DC since the Charleston church shooting --‚Ä¶ https://t.co/rGHFGkbIMb
CNN,0.0,0.939,0.061,0.0258,94,Tue Jun 05 21:17:11 +0000 2018,"""Red flag"" laws might have prevented some firearms-related suicides, a new study suggests.

These types of laws, wh‚Ä¶ https://t.co/1q4IqXqr5Y"
CNN,0.0,0.87,0.13,0.4019,95,Tue Jun 05 21:06:07 +0000 2018,EPA administrator Scott Pruitt enlisted the help of an aide to inquire about the possibility of a business opportun‚Ä¶ https://t.co/eEmKcDjMXU
CNN,0.0,0.558,0.442,0.8271,96,Tue Jun 05 21:00:15 +0000 2018,Bill Gates is giving 2018 college grads his favorite new book for free https://t.co/dEWjdkmPRQ
CNN,0.08,0.728,0.192,0.4404,97,Tue Jun 05 20:50:08 +0000 2018,"In 16 years, Social Security will have to cut benefits by 21% if lawmakers do nothing to cure the program's long-te‚Ä¶ https://t.co/KyM3BYOCji"
CNN,0.0,1.0,0.0,0.0,98,Tue Jun 05 20:40:04 +0000 2018,Elon Musk is about to face scrutiny at Tesla's shareholder meeting https://t.co/QCXB5OE20a https://t.co/ORhe6WqD4x
CNN,0.0,1.0,0.0,0.0,99,Tue Jun 05 20:31:05 +0000 2018,How much longer can the US economy keep rolling? https://t.co/t9yM5wI5zr
CNN,0.0,0.83,0.17,0.4391,100,Tue Jun 05 20:20:05 +0000 2018,Today is the most important day of 2018 so far for Democrats' chances in the House | Analysis by Chris Cillizza‚Ä¶ https://t.co/wrZsOVitcH
Fox,0.242,0.758,0.0,-0.1531,1,Wed Jun 06 08:50:00 +0000 2018,Miss America dropping swimsuit competition https://t.co/ZdVzkxqIYP
Fox,0.0,0.603,0.397,0.836,2,Wed Jun 06 08:40:00 +0000 2018,"Jack Phillips, owner of Masterpiece Cakeshop: ‚ÄúIt was a big win for us.‚Äù https://t.co/c0TyTMS5jl https://t.co/41JRHRkNyC"
Fox,0.0,0.746,0.254,0.5267,3,Wed Jun 06 08:30:00 +0000 2018,IHOP says it's changing iconic name; pancake lovers flip out https://t.co/wzFyKxN54O
Fox,0.0,0.833,0.167,0.34,4,Wed Jun 06 08:20:00 +0000 2018,".@jasoninthehouse: ""Nationally, I just don't think there's a message, certainly one that resonates, that‚Ä¶ https://t.co/mVvnyGjcw7"
Fox,0.0,1.0,0.0,0.0,5,Wed Jun 06 08:10:00 +0000 2018,"A rainbow appears as the storm clouds part at sunset in Aventura, Florida. https://t.co/3Y6qL1fdqS"
Fox,0.0,1.0,0.0,0.0,6,Wed Jun 06 08:00:01 +0000 2018,".@parscale: ""If President @realDonaldTrump would've known that [AG Jeff Sessions] was going to recuse himself, he w‚Ä¶ https://t.co/LVrxTxy4fs"
Fox,0.0,1.0,0.0,0.0,7,Wed Jun 06 07:50:00 +0000 2018,Stephen Colbert grills @BillClinton over answers in earlier interview https://t.co/REKCACm5ny
Fox,0.0,0.641,0.359,0.8555,8,Wed Jun 06 07:40:00 +0000 2018,".@jasoninthehouse: ""[Inspector General Michael Horowitz is] our best shot. It's our best shot at the truth.""‚Ä¶ https://t.co/68c9UOIMGg"
Fox,0.299,0.701,0.0,-0.6908,9,Wed Jun 06 07:30:00 +0000 2018,Tennessee man allegedly attempted to rape pal's mom during sleepover: police https://t.co/9DI68ao0Zp
Fox,0.0,1.0,0.0,0.0,10,Wed Jun 06 07:20:00 +0000 2018,".@MonicaCrowley: ""@BarackObama re-made the [Democratic Party] as a far-left institution."" @IngrahamAngle https://t.co/pvYeCufBWV"
Fox,0.371,0.629,0.0,-0.7096,11,Wed Jun 06 07:10:01 +0000 2018,Gennifer Flowers accuses @BillClinton of sexual harassment before their consensual relationship https://t.co/fkuPqhAFoO
Fox,0.0,1.0,0.0,0.0,12,Wed Jun 06 07:00:01 +0000 2018,".@PressSec on cancellation of Senate August recess: ""There's been historic obstruction by Senate Democrats and ther‚Ä¶ https://t.co/SgAjnHYuq4"
Fox,0.0,1.0,0.0,0.0,13,Wed Jun 06 06:55:00 +0000 2018,"During a briefing on Tuesday,  @WhiteHouse @PressSec Sarah Sanders stated that ""the president has worked increasing‚Ä¶ https://t.co/6AgjsRAYR2"
Fox,0.0,0.586,0.414,0.9186,14,Wed Jun 06 06:50:00 +0000 2018,".@POTUS: ""We stand together for freedom, we stand together for patriotism and we proudly stand for our glorious nat‚Ä¶ https://t.co/fsUGv4aEBQ"
Fox,0.0,0.862,0.138,0.4939,15,Wed Jun 06 06:45:31 +0000 2018,"Members of an honor guard prepare flags for the ""Celebration of America"" event that was held at the @WhiteHouse, co‚Ä¶ https://t.co/CKw9Z8SBvP"
Fox,0.216,0.784,0.0,-0.5267,16,Wed Jun 06 06:40:00 +0000 2018,".@CLewandowski_: ‚ÄúThere was no collusion, there was no coordination between the Trump campaign and anybody from Rus‚Ä¶ https://t.co/rWxmvzcfIl"
Fox,0.0,1.0,0.0,0.0,17,Wed Jun 06 06:35:00 +0000 2018,"On #Hannity, Counselor to the President @KellyannePolls pushed back on speculation that @FLOTUS Melania Trump was ""‚Ä¶ https://t.co/sGurls3AJd"
Fox,0.0,1.0,0.0,0.0,18,Wed Jun 06 06:30:00 +0000 2018,".@FrankLuntz: ""The Democrats can not point to anything that they have actually done. All they've got is obstruction‚Ä¶ https://t.co/KqiMcMhYY7"
Fox,0.0,0.899,0.101,0.2023,19,Wed Jun 06 06:25:00 +0000 2018,"California's key primaries: Trump-backed John Cox outpaces Villaraigosa for governor, Feinstein takes top spot in S‚Ä¶ https://t.co/rL3lsTjcba"
Fox,0.108,0.892,0.0,-0.1779,20,Wed Jun 06 06:20:00 +0000 2018,"On #TheStory, President @realDonaldTrump's 2020 campaign manager @parscale reveals a new website touting the comman‚Ä¶ https://t.co/C4y79SctI5"
Fox,0.0,1.0,0.0,0.0,21,Wed Jun 06 06:15:00 +0000 2018,"A juvenile bald eagle flies toward a patch of blue sky in Renton, Washington. https://t.co/kUn6iMhUeJ"
Fox,0.0,0.794,0.206,0.5994,22,Wed Jun 06 06:10:00 +0000 2018,".@KellyannePolls: ""This country is blessed because [Melania Trump] is our @FLOTUS at this time."" #Hannity‚Ä¶ https://t.co/14xu6j1UJL"
Fox,0.294,0.706,0.0,-0.6124,23,Wed Jun 06 06:05:00 +0000 2018,California protesters arrested after allegedly climbing on Columbus statue they say hails genocide https://t.co/ksHmsDSp0G
Fox,0.116,0.884,0.0,-0.3869,24,Wed Jun 06 06:00:00 +0000 2018,A traffic cam in Ohio caught this bizarre scene during the morning rush Tuesday: An SUV decided to bail on highway‚Ä¶ https://t.co/9XYyEm4T9S
Fox,0.0,0.697,0.303,0.8126,25,Wed Jun 06 05:50:00 +0000 2018,"Marc Little: ‚ÄúThe road to success is not a handout, the road to success is personal responsibility and self-relianc‚Ä¶ https://t.co/vpiSPQvsfC"
Fox,0.0,1.0,0.0,0.0,26,Wed Jun 06 05:45:00 +0000 2018,"On Tuesday, @POTUS participated in a ""Celebration of America"" event at the @WhiteHouse. https://t.co/noFFZqW9nW"
Fox,0.0,0.766,0.234,0.6077,27,Wed Jun 06 05:40:00 +0000 2018,".@seanhannity: ""Today, Americans do have so much to celebrate, including a booming economy."" #Hannity https://t.co/rIPJxXftAX"
Fox,0.161,0.839,0.0,-0.3612,28,Wed Jun 06 05:35:00 +0000 2018,Texas sheriff's deputies escort a teen to graduation in place of her fallen father. https://t.co/XHxGp2ykUM
Fox,0.1,0.788,0.112,0.0762,29,Wed Jun 06 05:30:00 +0000 2018,".@BillClinton accuser Gennifer Flowers: ""He's just not as good a liar anymore as he used to be...I think Bill is af‚Ä¶ https://t.co/spDq07fyvX"
Fox,0.0,1.0,0.0,0.0,30,Wed Jun 06 05:25:00 +0000 2018,Kentucky high school valedictorian trolls crowd quoting #Trump but reveals it was #Obama who said it https://t.co/9vhM3Vi6Zl
Fox,0.0,0.766,0.234,0.5994,31,Wed Jun 06 05:20:00 +0000 2018,".@IngrahamAngle: ""Trump has been speaking truth and has been delivering real promises as president. Now he's connec‚Ä¶ https://t.co/3v2ppAlVPk"
Fox,0.0,0.732,0.268,0.5106,32,Wed Jun 06 05:15:00 +0000 2018,Trump-backed Calif. gubernatorial hopeful to face Newsom in November https://t.co/UcPcwqI6gW
Fox,0.0,0.802,0.198,0.6633,33,Wed Jun 06 05:10:00 +0000 2018,DRESS FOR SUCCESS: A young boy named Noah went head-to-head with a firefighter to determine who could get their equ‚Ä¶ https://t.co/u7B5Zq63te
Fox,0.0,0.833,0.167,0.34,34,Wed Jun 06 05:03:38 +0000 2018,".@jasoninthehouse: ""Nationally, I just don't think there's a message, certainly one that resonates, that‚Ä¶ https://t.co/IxvXLEpUbA"
Fox,0.083,0.596,0.321,0.802,35,Wed Jun 06 05:00:01 +0000 2018,".@POTUS: ""We stand to honor our military, and to honor our country and to remember the fallen heroes who never made‚Ä¶ https://t.co/uefzrRgbBy"
Fox,0.0,0.821,0.179,0.5719,36,Wed Jun 06 04:59:59 +0000 2018,".@RepKristiNoem has won the Republican gubernatorial primary in South Dakota, and will advance to the general elect‚Ä¶ https://t.co/B5ivBLETwU"
Fox,0.0,1.0,0.0,0.0,37,Wed Jun 06 04:55:39 +0000 2018,"GOP Governor candidate John Cox: ""It wasn't Donald #Trump who made California the highest taxed state in the countr‚Ä¶ https://t.co/mMf8Zb5qp7"
Fox,0.0,0.885,0.115,0.3818,38,Wed Jun 06 04:51:14 +0000 2018,"GOP Governor Candidate John Cox: ""Mr. @GavinNewsom made it clear that he wanted to run against me instead of anothe‚Ä¶ https://t.co/rIkp4w0sfV"
Fox,0.18,0.82,0.0,-0.296,39,Wed Jun 06 04:50:00 +0000 2018,Deputy takes down hammer-wielding suspect with two cans of beans https://t.co/A7iAs9HBTW
Fox,0.0,0.877,0.123,0.2732,40,Wed Jun 06 04:42:46 +0000 2018,".@LisaMarieBoothe: ""President @realDonaldTrump's changed the dynamics of the big debate in the country on immigrati‚Ä¶ https://t.co/7uYDDsZZ94"
Fox,0.0,1.0,0.0,0.0,41,Wed Jun 06 04:40:00 +0000 2018,".@PressSec: ""Frankly, I think my credibility's probably higher than the media's."" https://t.co/TougoU0SZB"
Fox,0.0,0.881,0.119,0.4019,42,Wed Jun 06 04:37:43 +0000 2018,".@Richardafowler: ""Both parties are all over the place. They're all over the map, and we'll find out in November wh‚Ä¶ https://t.co/s3XldCLZnc"
Fox,0.0,0.913,0.087,0.2023,43,Wed Jun 06 04:32:33 +0000 2018,JUST IN: Republican gubernatorial candidate John Cox will be one of the top two finishers in California‚Äôs jungle pr‚Ä¶ https://t.co/Ocancz9yjs
Fox,0.178,0.822,0.0,-0.5994,44,Wed Jun 06 04:30:00 +0000 2018,An 87-year-old Korean War veteran is adding another item to his list of accomplishments: graduating from high schoo‚Ä¶ https://t.co/UZ9vVh3Q14
Fox,0.0,0.909,0.091,0.2023,45,Wed Jun 06 04:29:36 +0000 2018,JUST IN: Gubernatorial candidate @GavinNewsom will be one of two top finishers in California‚Äôs jungle primary and w‚Ä¶ https://t.co/dTgua5v1uh
Fox,0.125,0.875,0.0,-0.25,46,Wed Jun 06 04:25:59 +0000 2018,"Moments ago, President @realDonaldTrump tweeted about @SenateMajLdr's decision to cancel the Senate's traditional A‚Ä¶ https://t.co/88QsVESFx7"
Fox,0.0,0.595,0.405,0.8979,47,Wed Jun 06 04:20:00 +0000 2018,".@POTUS: ""We love our country, we respect our flag and we always proudly stand for the national anthem."" https://t.co/zlOKNUlzBt"
Fox,0.0,1.0,0.0,0.0,48,Wed Jun 06 04:17:33 +0000 2018,"Nearly 120,000 voters reportedly left off Los Angeles voter rolls on crucial primary day https://t.co/ZIDcHyyenc https://t.co/As4x0hm9Fo"
Fox,0.195,0.805,0.0,-0.5267,49,Wed Jun 06 04:15:00 +0000 2018,.@newtgingrich: The Republican comeback is a real threat to the elite media's 'blue wave' theory https://t.co/u8woF9qm1q
Fox,0.0,1.0,0.0,0.0,50,Wed Jun 06 04:10:00 +0000 2018,A man kneeled during the National Anthem at an event billed as a celebration of the American flag with Eagles fans.‚Ä¶ https://t.co/OrrND9HvRz
Fox,0.221,0.574,0.205,-0.0516,51,Wed Jun 06 04:07:10 +0000 2018,Fox News apologizes for Philadelphia Eagles footage error. https://t.co/GOkGoVBg6J
Fox,0.244,0.756,0.0,-0.4404,52,Wed Jun 06 04:05:00 +0000 2018,"ICE raids Ohio lawn and garden business, arrests 114 https://t.co/cpiiGkmm9S"
Fox,0.0,1.0,0.0,0.0,53,Wed Jun 06 04:01:00 +0000 2018,"Ronald Vitello: ‚ÄúWhen people cross the border illegally, that‚Äôs a federal crime.‚Äù https://t.co/uIaJ0Z6PwU"
Fox,0.11,0.776,0.114,0.0258,54,Wed Jun 06 03:55:06 +0000 2018,"""We could possibly lose our home and our retirement, our life savings, everything we've saved for our kids and gran‚Ä¶ https://t.co/N2xmo4Dlo2"
Fox,0.0,0.875,0.125,0.4588,55,Wed Jun 06 03:51:51 +0000 2018,"""I gently put my hands on his and said I couldn't do his wedding because of my relationship with Jesus Christ."" - B‚Ä¶ https://t.co/KfqNJf1Qg1"
Fox,0.0,1.0,0.0,0.0,56,Wed Jun 06 03:47:53 +0000 2018,"Nearly 120,000 voters reportedly left off Los Angeles voter rolls on crucial primary day https://t.co/ZIDcHyyenc"
Fox,0.0,0.633,0.367,0.7003,57,Wed Jun 06 03:36:57 +0000 2018,".@JohnStossel: When politicians favor their friends, that's not capitalism, that's corruption https://t.co/OjKr185xVO"
Fox,0.097,0.903,0.0,-0.1027,58,Wed Jun 06 03:33:10 +0000 2018,"Thomas Homan, Deputy Director of ICE, warns Congress of consequences on DACA action https://t.co/uO5OmfQS3v"
Fox,0.0,1.0,0.0,0.0,59,Wed Jun 06 03:26:31 +0000 2018,JUST IN: Fox News can now project that @SenFeinstein will place first California‚Äôs jungle primary and advance to th‚Ä¶ https://t.co/GOsWTdVbLo
Fox,0.181,0.819,0.0,-0.2732,60,Wed Jun 06 03:22:03 +0000 2018,OPINION: Will Tuesday's primaries (especially in California) break Democrats' hearts or leave Republicans in tears? https://t.co/4Y5S88UQNR
Fox,0.118,0.882,0.0,-0.25,61,Wed Jun 06 03:17:36 +0000 2018,"Kelly Sadler leaves @WhiteHouse, official says; unclear if directly related to backlash over McCain comment‚Ä¶ https://t.co/HLTOLlR3h0"
Fox,0.0,1.0,0.0,0.0,62,Wed Jun 06 03:12:06 +0000 2018,"Results coming in from eight key primary elections, @ChadPergram reports https://t.co/gWxhtiC0WC"
Fox,0.0,1.0,0.0,0.0,63,Wed Jun 06 03:05:42 +0000 2018,Iowa Democrats nominate businessman Fred Hubbell for governor https://t.co/alnWn0EXLH
Fox,0.18,0.82,0.0,-0.296,64,Wed Jun 06 03:00:40 +0000 2018,".@THEHermanCain: ""[The @Eagles] were trying to embarrass the president."" @IngrahamAngle https://t.co/wlGPJOdiHR"
Fox,0.1,0.788,0.112,0.0762,65,Wed Jun 06 02:52:46 +0000 2018,".@BillClinton accuser Gennifer Flowers: ""He's just not as good a liar anymore as he used to be...I think Bill is af‚Ä¶ https://t.co/6AFxxTfluZ"
Fox,0.0,1.0,0.0,0.0,66,Wed Jun 06 02:46:09 +0000 2018,".@FrankLuntz: ""The Democrats have a whole generation that are waiting to come through, [@NancyPelosi] won't give up‚Ä¶ https://t.co/xDGRrfDNn0"
Fox,0.0,1.0,0.0,0.0,67,Wed Jun 06 02:38:42 +0000 2018,".@MonicaCrowley: ""@BarackObama re-made the [Democratic Party] as a far-left institution."" @IngrahamAngle https://t.co/SVg0QJgjZq"
Fox,0.0,1.0,0.0,0.0,68,Wed Jun 06 02:36:00 +0000 2018,Former FBI Deputy Director Andrew McCabe asks for immunity in a congressional hearing over the FBI's handling of th‚Ä¶ https://t.co/0kbPeG5QAQ
Fox,0.0,1.0,0.0,0.0,69,Wed Jun 06 02:33:14 +0000 2018,".@FrankLuntz: ""The Democrats can not point to anything that they have actually done. All they've got is obstruction‚Ä¶ https://t.co/d3GRmByqdM"
Fox,0.0,0.766,0.234,0.5994,70,Wed Jun 06 02:25:37 +0000 2018,".@IngrahamAngle: ""Trump has been speaking truth and has been delivering real promises as president. Now he's connec‚Ä¶ https://t.co/aI9EIxe7G2"
Fox,0.0,1.0,0.0,0.0,71,Wed Jun 06 02:17:35 +0000 2018,New XFL commissioner says the league will require its players to stand for national anthem. https://t.co/44vgJoeGrT
Fox,0.0,1.0,0.0,0.0,72,Wed Jun 06 02:09:01 +0000 2018,".@RepDeSantis: ""James @Comey said Andrew McCabe stood tall, was this model leader, and now he wants immunity becaus‚Ä¶ https://t.co/09V6Hqro0v"
Fox,0.0,0.794,0.206,0.5994,73,Wed Jun 06 01:55:13 +0000 2018,".@KellyannePolls: ""This country is blessed because [Melania Trump] is our @FLOTUS at this time."" #Hannity‚Ä¶ https://t.co/i2W7I29tI6"
Fox,0.0,0.805,0.195,0.4404,74,Wed Jun 06 01:46:45 +0000 2018,"WATCH: #Tucker Talks to Pamela Anderson About Her Friendship with Assange, Putin https://t.co/kVPDvJLtBW"
Fox,0.333,0.667,0.0,-0.6705,75,Wed Jun 06 01:43:28 +0000 2018,Kate Spade's suicide note reportedly contained message to daughter https://t.co/Rd4iPJLbZn
Fox,0.139,0.574,0.287,0.4767,76,Wed Jun 06 01:34:24 +0000 2018,JUST IN: NJ Sen. Menendez projected to win Democratic primary after surviving ethics scandal https://t.co/tLpo8cEEZx
Fox,0.464,0.536,0.0,-0.8316,77,Wed Jun 06 01:28:48 +0000 2018,".@WhiteHouse contractor arrested near the grounds, reportedly for attempted murder https://t.co/VP0JmjBOp7"
Fox,0.0,0.641,0.359,0.8555,78,Wed Jun 06 01:27:14 +0000 2018,".@jasoninthehouse: ""[Inspector General Michael Horowitz is] our best shot. It's our best shot at the truth.""‚Ä¶ https://t.co/OUa3LuB83P"
Fox,0.0,1.0,0.0,0.0,79,Wed Jun 06 01:23:06 +0000 2018,"David Spade pays tribute to late sister-in-law, Kate: 'I still can't believe it' https://t.co/IGcOYuj2Pv"
Fox,0.0,0.766,0.234,0.6077,80,Wed Jun 06 01:21:13 +0000 2018,".@seanhannity: ""Today, Americans do have so much to celebrate, including a booming economy."" #Hannity https://t.co/KoIeJIFG4F"
Fox,0.0,0.812,0.188,0.4588,81,Wed Jun 06 01:12:31 +0000 2018,Florida police officer spots three-legged gator crossing road during patrol: 'Welcome to Florida' https://t.co/eb9gH8R0NA
Fox,0.0,1.0,0.0,0.0,82,Wed Jun 06 01:05:00 +0000 2018,"During a briefing on Tuesday,  @WhiteHouse @PressSec Sarah Sanders stated that ""the president has worked increasing‚Ä¶ https://t.co/kocRoIsa8g"
Fox,0.0,0.925,0.075,0.0772,83,Wed Jun 06 01:04:17 +0000 2018,"Pamela Anderson: ""I'm not for these ride hail apps because it's a false sense of security."" #Tucker https://t.co/nEp4YnZ61b"
Fox,0.0,0.756,0.244,0.4404,84,Wed Jun 06 01:00:23 +0000 2018,Pennsylvania students get ballistic shield inserts as a graduation gift. https://t.co/MX5LLkeBKD
Fox,0.0,0.872,0.128,0.4215,85,Wed Jun 06 00:54:37 +0000 2018,"Pamela Anderson on @JulianAssange: ""His intention was not to get Trump elected, it was to give true information so‚Ä¶ https://t.co/uUuVkMIY5x"
Fox,0.0,1.0,0.0,0.0,86,Wed Jun 06 00:45:56 +0000 2018,"Rep. @TimRyan: ""China has a 10 year plan, 30 year plan, 50 year plan, 100 year plan...In America, we're divided.""‚Ä¶ https://t.co/dEIix0FI7L"
Fox,0.225,0.775,0.0,-0.4404,87,Wed Jun 06 00:35:18 +0000 2018,".@ICEgov raids an Ohio lawn and garden business, arrests 114. https://t.co/NqeY2L8eJy"
Fox,0.0,1.0,0.0,0.0,88,Wed Jun 06 00:28:06 +0000 2018,April Ryan backtracks after claiming @POTUS was booed at a White House event. https://t.co/DTT1OL9PQU
Fox,0.0,1.0,0.0,0.0,89,Wed Jun 06 00:25:11 +0000 2018,Dr. Phil captured on video hitting man on a skateboard with his car. https://t.co/MwyLzgfXFE
Fox,0.0,0.629,0.371,0.7579,90,Wed Jun 06 00:21:32 +0000 2018,CA Dem Candidate: Party Officials Told Me I'm 'Too Brown' to Win. https://t.co/pcoy6XowQ5
Fox,0.0,1.0,0.0,0.0,91,Wed Jun 06 00:12:04 +0000 2018,IHOP says it's changing its iconic name. https://t.co/uNUPCvJ573
Fox,0.0,1.0,0.0,0.0,92,Wed Jun 06 00:05:49 +0000 2018,"JUST IN: Polls have closed in Alabama, Mississippi and New Jersey, as several states hold primaries. https://t.co/qiz5sAmnA4"
Fox,0.0,1.0,0.0,0.0,93,Wed Jun 06 00:03:16 +0000 2018,TOMORROW: 74 years since the D-Day Invasion https://t.co/nHdM8dnnZi
Fox,0.0,1.0,0.0,0.0,94,Wed Jun 06 00:02:33 +0000 2018,The Singapore hotel hosting the Trump-Kim summit is on a secluded island with pirate ties. https://t.co/cQKNYYyLrJ
Fox,0.0,0.791,0.209,0.4404,95,Tue Jun 05 23:51:21 +0000 2018,Woman's obituary takes a dark turn: 'World is a better place without her' https://t.co/twVNZszyJC
Fox,0.168,0.457,0.376,0.6249,96,Tue Jun 05 23:47:38 +0000 2018,"Former @NFL cheerleaders deliver letter to Roger Goodell demanding better pay, fair treatment https://t.co/dS1Ufg7BGw"
Fox,0.323,0.677,0.0,-0.6486,97,Tue Jun 05 23:45:42 +0000 2018,Fashion designer Kate Spade found dead at 55 https://t.co/txnRtQIk8R https://t.co/l15aeHAc2U
Fox,0.0,1.0,0.0,0.0,98,Tue Jun 05 23:43:09 +0000 2018,A look at the crater of Hawaii's Kilauea volcano. https://t.co/wSwXNmPFPz (Courtesy: @usgsvolcanoes) https://t.co/XwhI0UnhgW
Fox,0.391,0.609,0.0,-0.6705,99,Tue Jun 05 23:39:18 +0000 2018,Pastor killed by crocodile during water baptism https://t.co/A3QjsKNP5J
Fox,0.0,1.0,0.0,0.0,100,Tue Jun 05 23:33:35 +0000 2018,.@GiannoCaldwell: Who Would've Thought The Clintons Would Be 'GOP Assets'? https://t.co/7bM5DVHcA8
New York Times,0.112,0.888,0.0,-0.34,1,Wed Jun 06 08:45:04 +0000 2018,"Greece's long feud with Macedonia, the Balkan neighbor that claims the same ancient name as its northern region, is‚Ä¶ https://t.co/iKBOU20WGs"
New York Times,0.0,1.0,0.0,0.0,2,Wed Jun 06 08:30:12 +0000 2018,"The NYT review of ""Ocean's 8"" https://t.co/tZZzL1jstD"
New York Times,0.0,0.787,0.213,0.6597,3,Wed Jun 06 08:14:03 +0000 2018,RT @nytimesworld: Putin disavows any desire to divide the European Union as he watches the Trump administration treat its Western allies as‚Ä¶
New York Times,0.0,1.0,0.0,0.0,4,Wed Jun 06 08:05:04 +0000 2018,"Here's a look at the key races in the California primary https://t.co/8IZ85kf0tq
And here are the results, as they‚Ä¶ https://t.co/Gma8JIifv5"
New York Times,0.0,1.0,0.0,0.0,5,Wed Jun 06 08:02:01 +0000 2018,"More children in Afghanistan are out of school now than a few years ago, according to a study by Unicef. Its execut‚Ä¶ https://t.co/6EzLq5TrIE"
New York Times,0.0,1.0,0.0,0.0,6,Wed Jun 06 07:45:09 +0000 2018,"Giant salamander farms in China ""are driving the extinction of most of the species by homogenizing them"" https://t.co/i4X5fbm3AI"
New York Times,0.058,0.942,0.0,-0.0258,7,Wed Jun 06 07:32:02 +0000 2018,"Aaron Persky, the California judge who sentenced a Stanford student to just six months in jail for sexually assault‚Ä¶ https://t.co/XElUHKQFrT"
New York Times,0.163,0.837,0.0,-0.5106,8,Wed Jun 06 07:17:03 +0000 2018,"Separating children from migrant families entering the U.S. violates their rights and international law, the UN's h‚Ä¶ https://t.co/6EqWJTorcG"
New York Times,0.117,0.779,0.104,-0.0772,9,Wed Jun 06 07:01:27 +0000 2018,"RT @nytDeniseGrady: Immunotherapy can be a lifesaver for people with cancer, but sometimes it can backfire. Here's what happened to 3 patie‚Ä¶"
New York Times,0.18,0.758,0.062,-0.5423,10,Wed Jun 06 06:54:50 +0000 2018,"California voters recalled Judge Aaron Persky, who gave a 6-month sentence for sexual assault. He's the first judge‚Ä¶ https://t.co/ohbWSHnixT"
New York Times,0.0,1.0,0.0,0.0,11,Wed Jun 06 06:45:03 +0000 2018,"Iran announced that it had completed a new centrifuge assembly center, in a first step to increasing its nuclear en‚Ä¶ https://t.co/X0AvNmD8ER"
New York Times,0.0,1.0,0.0,0.0,12,Wed Jun 06 06:31:06 +0000 2018,"Updated: California election results, as they come in https://t.co/YBMAiq2YVl https://t.co/X7JkeYg3WP"
New York Times,0.0,1.0,0.0,0.0,13,Wed Jun 06 06:21:01 +0000 2018,RT @nytfood: 500 pages. 300 recipes. @anissahelou traveled the world to document the foods of the Muslim diaspora in her new cookbook. http‚Ä¶
New York Times,0.0,1.0,0.0,0.0,14,Wed Jun 06 05:56:06 +0000 2018,"RT @nytpolitics: On a work email chain that included the White House statement about Sadler‚Äôs departure, Meghan McCain replied to everyone:‚Ä¶"
New York Times,0.139,0.77,0.09,-0.1184,15,Wed Jun 06 05:49:21 +0000 2018,RT @melbournecoal: Villaraigosa party appears to be on its last legs. Still not sure people here are aware the AP has called the race. No s‚Ä¶
New York Times,0.0,1.0,0.0,0.0,16,Wed Jun 06 05:45:38 +0000 2018,"RT @jdelreal: ""Hello California! We put a businessman in the White House, let's but a businessman in the governor's mansion!"" John Cox anno‚Ä¶"
New York Times,0.0,1.0,0.0,0.0,17,Wed Jun 06 05:41:51 +0000 2018,"Live election results in California, as they come in https://t.co/rLXer90QON"
New York Times,0.0,1.0,0.0,0.0,18,Wed Jun 06 05:40:43 +0000 2018,"John Cox, a Republican businessman, will compete with Gavin Newsom for governor of California https://t.co/cQUzJyKLOQ"
New York Times,0.0,0.773,0.227,0.4767,19,Wed Jun 06 05:35:33 +0000 2018,"Breaking News: California, a bastion of anti-Trump energy, advanced a Democratic former San Francisco mayor and a G‚Ä¶ https://t.co/v0jE9s9HnO"
New York Times,0.161,0.753,0.086,-0.296,20,Wed Jun 06 05:32:18 +0000 2018,"RT @adamnagourney: Gavin Newsom left no doubt just now how he is going to frame a campaign against John Cox. ""‚ÄúIt looks like voters are goi‚Ä¶"
New York Times,0.0,1.0,0.0,0.0,21,Wed Jun 06 05:32:02 +0000 2018,"RT @NYTNational: When asked what he would say to Trump if they were in a room together, Mike Levin, a Democratic candidate in California's‚Ä¶"
New York Times,0.0,0.837,0.163,0.5719,22,Wed Jun 06 05:23:43 +0000 2018,"Deb Haaland won her district's Democratic primary in New Mexico, bringing her closer to becoming the first Native A‚Ä¶ https://t.co/tgqkQXGbC9"
New York Times,0.0,1.0,0.0,0.0,23,Wed Jun 06 05:02:04 +0000 2018,Lava flows from the Kilauea volcano on Hawaii‚Äôs Big Island wiped out hundreds more homes and then quickly filled a‚Ä¶ https://t.co/kxH9TFDLfA
New York Times,0.0,1.0,0.0,0.0,24,Wed Jun 06 04:49:27 +0000 2018,"RT @adamnagourney: Villaraigosa notes that 118,000 voters not on the voting rolls when they turned up to vote in LA. . Still, he is now abo‚Ä¶"
New York Times,0.17,0.83,0.0,-0.6705,25,Wed Jun 06 04:47:04 +0000 2018,"RT @NYTMetro: For girls who were teens in Manhattan in the 1990s and pined for a Kate Spade bag, the designer's apparent suicide reverberat‚Ä¶"
New York Times,0.0,0.709,0.291,0.5719,26,Wed Jun 06 04:28:53 +0000 2018,Gavin Newsom Wins Spot in California Election for Governor https://t.co/J6dFNoMAam
New York Times,0.0,1.0,0.0,0.0,27,Wed Jun 06 04:27:01 +0000 2018,"Gavin Newsom, candidate for governor of California, got 1 of 2 spots on the November ballot https://t.co/7qRTwPThU9"
New York Times,0.0,1.0,0.0,0.0,28,Wed Jun 06 04:17:03 +0000 2018,California election live results https://t.co/5D3cTZuJK6
New York Times,0.124,0.876,0.0,-0.4019,29,Wed Jun 06 04:02:12 +0000 2018,"A printing error left about 119,000 names off voting rosters in the Los Angeles area, according to the county clerk‚Ä¶ https://t.co/h8GMPD3VH6"
New York Times,0.0,1.0,0.0,0.0,30,Wed Jun 06 04:02:02 +0000 2018,"One of the first of a wave of American women contemporary designers who emerged in the 1990s, Kate Spade built a br‚Ä¶ https://t.co/0wiSUQXmiE"
New York Times,0.0,1.0,0.0,0.0,31,Wed Jun 06 03:47:05 +0000 2018,Iowa election live results https://t.co/xsdBrqG6yo
New York Times,0.0,0.939,0.061,0.0258,32,Wed Jun 06 03:32:06 +0000 2018,"Bill Clinton acknowledged his defensive reaction about Monica Lewinsky during an interview. It ""wasn't my finest ho‚Ä¶ https://t.co/Btkzy90oo1"
New York Times,0.0,1.0,0.0,0.0,33,Wed Jun 06 03:22:58 +0000 2018,"RT @ShaneGoldmacher: Even while saying Monday was not his ""finest hour,"" Bill Clinton takes a dig tonight at Craig Melvin: ""I should have r‚Ä¶"
New York Times,0.107,0.622,0.271,0.5719,34,Wed Jun 06 03:17:07 +0000 2018,"A former Navy pilot, a veteran White House national security adviser and a conservative gun rights advocate won Dem‚Ä¶ https://t.co/i4IIirALjS"
New York Times,0.0,1.0,0.0,0.0,35,Wed Jun 06 03:03:20 +0000 2018,California election live results https://t.co/2tfaYxZqn9
New York Times,0.077,0.864,0.059,-0.1027,36,Wed Jun 06 02:47:05 +0000 2018,At Tesla's annual meeting came a rare challenge from investors who sought to shake up the board and force Elon Musk‚Ä¶ https://t.co/bfgZm9tBre
New York Times,0.0,1.0,0.0,0.0,37,Wed Jun 06 02:32:06 +0000 2018,"The Kate Spade label started simply, with its designer and future husband at the helm, and grew into a $2.4 billion‚Ä¶ https://t.co/RATXLmBBz1"
New York Times,0.0,0.906,0.094,0.3612,38,Wed Jun 06 02:31:41 +0000 2018,"RT @jdelreal: Im here at the US Grant Hotel in San Diego, where CA GOP gubernatorial candidate John Cox is hosting his election night party‚Ä¶"
New York Times,0.0,0.891,0.109,0.4019,39,Wed Jun 06 02:27:04 +0000 2018,"RT @melbournecoal: I‚Äôm at Antonio Villaraigosa‚Äôs election night party, in downtown Los Angeles. Polls close in less than an hour and the me‚Ä¶"
New York Times,0.191,0.809,0.0,-0.6868,40,Wed Jun 06 02:25:59 +0000 2018,"RT @mattfleg: Already sick of California? Unsure what to do for the next 36 minutes? Either way, read @NYTnickc and me on all the other sta‚Ä¶"
New York Times,0.0,1.0,0.0,0.0,41,Wed Jun 06 02:17:03 +0000 2018,"RT @Nate_Cohn: NYT election results for NJ, AL, MT, SD, NM, IA, MS, and CA (did i remember them all?) are here, for those who haven't found‚Ä¶"
New York Times,0.0,0.891,0.109,0.296,42,Wed Jun 06 02:07:23 +0000 2018,"Kelly Sadler, a White House communications aide who made headlines for a joke about the health of John McCain, has‚Ä¶ https://t.co/2zebCGV52e"
New York Times,0.0,1.0,0.0,0.0,43,Wed Jun 06 01:47:04 +0000 2018,Alabama election live results https://t.co/wzsHypDT7w
New York Times,0.0,1.0,0.0,0.0,44,Wed Jun 06 01:33:04 +0000 2018,RT @ivanlpenn: More than two dozen volunteers are working the phones at Representative Mimi Walters campaign office to get last minute vote‚Ä¶
New York Times,0.0,1.0,0.0,0.0,45,Wed Jun 06 01:28:06 +0000 2018,"RT @maggieNYT: Response from @MeghanMcCain to massive ABC internal blast when WH statement was sent around: ‚ÄúBye, Felicia.‚Äù https://t.co/AB‚Ä¶"
New York Times,0.0,1.0,0.0,0.0,46,Wed Jun 06 01:14:06 +0000 2018,New Jersey election live results https://t.co/XPXqdEXlYw
New York Times,0.0,1.0,0.0,0.0,47,Wed Jun 06 01:05:02 +0000 2018,"RT @jennymedina: Final push in #CA48 dialing for votes:
‚ÄúHave you voted? There‚Äôs an election today. We need you to vote so the Democrats wi‚Ä¶"
New York Times,0.0,1.0,0.0,0.0,48,Wed Jun 06 01:02:02 +0000 2018,Evening Briefing: Here's what you need to know at the end of the day https://t.co/qVgvJ4Wtbr
New York Times,0.0,0.917,0.083,0.25,49,Wed Jun 06 00:47:05 +0000 2018,"Much of what makes New York unique was created during the last ice age, when a vast ice sheet covered much of North‚Ä¶ https://t.co/JNsdwuBDQD"
New York Times,0.0,1.0,0.0,0.0,50,Wed Jun 06 00:37:05 +0000 2018,"8 states have primary elections today. Here's when we're expecting the first results. https://t.co/NEbxm6mxyl
Alaba‚Ä¶ https://t.co/SiGUd84TSg"
New York Times,0.142,0.78,0.078,-0.34,51,Wed Jun 06 00:27:05 +0000 2018,Who will likely be blamed if Democrats get locked out of some competitive Republican-held congressional races in Ca‚Ä¶ https://t.co/kEa8zJhkBT
New York Times,0.272,0.728,0.0,-0.7964,52,Wed Jun 06 00:17:03 +0000 2018,RT @nytpolitics: The assassination fueled a general sense ‚Äî not entirely unfamiliar today ‚Äî that the nation had gone mad; that the normal r‚Ä¶
New York Times,0.0,1.0,0.0,0.0,53,Wed Jun 06 00:02:05 +0000 2018,"8 states voted in one of the busiest days of primary season, and results are expected soon. We‚Äôre tracking the key‚Ä¶ https://t.co/iL14weHog8"
New York Times,0.0,0.891,0.109,0.296,54,Tue Jun 05 23:47:03 +0000 2018,Scott Pruitt gave a political aide the task of helping him seek a ‚Äúbusiness opportunity‚Äù for his wife with Chick-fi‚Ä¶ https://t.co/g15MDxxunN
New York Times,0.0,0.872,0.128,0.4215,55,Tue Jun 05 23:32:07 +0000 2018,"Betsy DeVos said the federal commission on school safety set up this year after the Parkland, Florida, school massa‚Ä¶ https://t.co/Gn3X6eos8S"
New York Times,0.0,0.86,0.14,0.4767,56,Tue Jun 05 23:21:03 +0000 2018,"RT @gabrieldance: New: Facebook gave private data access to Chinese Firm, Huawei, which has been flagged by U.S. intelligence.

https://t.c‚Ä¶"
New York Times,0.0,1.0,0.0,0.0,57,Tue Jun 05 23:11:30 +0000 2018,Breaking News: Facebook has given at least four Chinese companies access to user data. One has been flagged by U.S.‚Ä¶ https://t.co/NHDWzvKJUO
New York Times,0.0,1.0,0.0,0.0,58,Tue Jun 05 23:02:03 +0000 2018,Evening Briefing: Here's what you need to know at the end of the day https://t.co/d5SybOs0hs
New York Times,0.083,0.837,0.079,-0.0227,59,Tue Jun 05 22:51:03 +0000 2018,"RT @arappeport: In a letter to Congress, Trump's Treasury Department still will not commit to putting Harriet Tubman on the $20 https://t.c‚Ä¶"
New York Times,0.1,0.779,0.121,0.128,60,Tue Jun 05 22:41:04 +0000 2018,Kate Spade was a critical figure in the continuum of women who have defined fashion in the United States: designers‚Ä¶ https://t.co/mkBQsw4Uxb
New York Times,0.0,1.0,0.0,0.0,61,Tue Jun 05 22:27:05 +0000 2018,8 states are holding primaries today. Here's what to watch for in those races. https://t.co/K1Je3JoLQA
New York Times,0.0,1.0,0.0,0.0,62,Tue Jun 05 22:12:02 +0000 2018,"RT @NYTNational: ‚ö°Ô∏è ‚ÄúOn the Ground at the California Primaries‚Äù

https://t.co/f0ZiiBHxqF"
New York Times,0.095,0.905,0.0,-0.296,63,Tue Jun 05 21:58:03 +0000 2018,"Breaking News: Mexico hit back at the U.S., saying it would impose tariffs on cheese, whiskey and other goods in re‚Ä¶ https://t.co/XKeKYb4KcM"
New York Times,0.0,1.0,0.0,0.0,64,Tue Jun 05 21:46:06 +0000 2018,"How much tourism is too much? On the Gal√°pagos Islands, they're asking the question. https://t.co/GQ5twJeeq1"
New York Times,0.195,0.805,0.0,-0.561,65,Tue Jun 05 21:27:05 +0000 2018,"RT @VVFriedman: On this sad day, thoughts on Kate Spade, and what she stood for - https://t.co/jBYfIwb6AT"
New York Times,0.0,0.83,0.17,0.4767,66,Tue Jun 05 21:12:02 +0000 2018,"Jordan Peele, who wrote and directed ""Get Out,"" has signed a deal giving Amazon the first look at his ideas for TV‚Ä¶ https://t.co/No04lHy4zr"
New York Times,0.0,1.0,0.0,0.0,67,Tue Jun 05 21:03:46 +0000 2018,California's 10th congressional district is one that's coveted by Democrats. NYT journalists are reporting from the‚Ä¶ https://t.co/HZRtuv5CxY
New York Times,0.265,0.735,0.0,-0.7579,68,Tue Jun 05 21:03:05 +0000 2018,"After a teenager was fatally shot by a police officer, his family searched for answers from the city they lost fait‚Ä¶ https://t.co/49QalKqVI7"
New York Times,0.173,0.723,0.104,-0.4019,69,Tue Jun 05 20:55:04 +0000 2018,"Kate Spade, who was found dead on Tuesday, had a business mind that saw the opportunities in becoming a lifestyle b‚Ä¶ https://t.co/lN2NDamjmq"
New York Times,0.0,1.0,0.0,0.0,70,Tue Jun 05 20:40:03 +0000 2018,"Rep. Tulsi Gabbard wants visitors to stay away from the Kilauea volcano. ""Now is not the time for tourists to blank‚Ä¶ https://t.co/a5dL2bl2JD"
New York Times,0.0,0.72,0.28,0.8126,71,Tue Jun 05 20:33:45 +0000 2018,RT @mccanner: I love this. New York Times photographers did portraits of voters and asked what's motivating them to participate today. SEVE‚Ä¶
New York Times,0.082,0.918,0.0,-0.1531,72,Tue Jun 05 20:25:03 +0000 2018,"‚ÄúWe are not going to judge you on your outward appearance,"" the Miss America Organization's chairwoman, Gretchen Ca‚Ä¶ https://t.co/SY8ge6if9h"
New York Times,0.0,1.0,0.0,0.0,73,Tue Jun 05 20:10:09 +0000 2018,A school wanted to prepare its eighth-graders for high school. So it gave them a bullet-resistant shield for their‚Ä¶ https://t.co/ykXjrGY5l6
New York Times,0.167,0.833,0.0,-0.3818,74,Tue Jun 05 19:57:02 +0000 2018,Crowdfunding campaigns are designed for just about everything these days. That includes funerals. https://t.co/WFgOKnLoOF
New York Times,0.064,0.843,0.092,0.1779,75,Tue Jun 05 19:47:04 +0000 2018,"RT @nytpolitics: News Analysis: The president‚Äôs claim that he has ""the absolute right"" to pardon himself was the latest in an aggressive se‚Ä¶"
New York Times,0.0,1.0,0.0,0.0,76,Tue Jun 05 19:37:04 +0000 2018,"A court has ordered Mexico's government to again investigate the disappearances of 43 college students. This time,‚Ä¶ https://t.co/GWOvp5B1c4"
New York Times,0.0,1.0,0.0,0.0,77,Tue Jun 05 19:31:08 +0000 2018,RT @jdelreal: I may have just visited the coolest polling place in America. Voters are casting their ballots here at Rhino‚Äôs Boxing in Vist‚Ä¶
New York Times,0.0,0.751,0.249,0.6486,78,Tue Jun 05 19:27:03 +0000 2018,The California primary might give us a better idea of whether Democrats will make big gains in November https://t.co/cDNf7fiutZ
New York Times,0.094,0.837,0.069,-0.128,79,Tue Jun 05 19:17:05 +0000 2018,"The Wall Street Journal is replacing its top editor, Gerard Baker. His newsroom broke award-winning stories but str‚Ä¶ https://t.co/TgJV7prEuh"
New York Times,0.0,1.0,0.0,0.0,80,Tue Jun 05 19:07:04 +0000 2018,"The Philadelphia Eagles won't be there, but President Trump said a celebration will go on https://t.co/9gnsNFHruH"
New York Times,0.286,0.714,0.0,-0.7506,81,Tue Jun 05 18:57:06 +0000 2018,Israel‚Äôs military said that the killing of a young Palestinian volunteer medic at a Gaza fence protest was unintent‚Ä¶ https://t.co/uZHSmBTYl7
New York Times,0.0,0.888,0.112,0.34,82,Tue Jun 05 18:47:04 +0000 2018,"For many women, a Kate Spade bag was their first designer purchase. They shared their stories of their first ""grown‚Ä¶ https://t.co/SngkBwGwTQ"
New York Times,0.329,0.671,0.0,-0.7818,83,Tue Jun 05 18:37:02 +0000 2018,The most feared and loathed character in the city‚Äôs restaurant business? It‚Äôs the health inspector. https://t.co/vX1Zz9KPH1
New York Times,0.0,0.842,0.158,0.4939,84,Tue Jun 05 18:27:03 +0000 2018,California voters are making lots of decisions. NYT photographers wanted to find out what was motivating them.‚Ä¶ https://t.co/4w6tHFYawt
New York Times,0.088,0.912,0.0,-0.34,85,Tue Jun 05 18:17:01 +0000 2018,"RT @NYTScience: ""We snapped out of the knee jerk approach where we had to give chemo to everybody,"" says one author of a new study that sho‚Ä¶"
New York Times,0.0,1.0,0.0,0.0,86,Tue Jun 05 18:09:45 +0000 2018,"""The summer of hell"": The sequel https://t.co/RO2Hv8N3l8"
New York Times,0.163,0.837,0.0,-0.5106,87,Tue Jun 05 18:07:06 +0000 2018,"Separating children from migrant families entering the U.S. violates their rights and international law, the UN's h‚Ä¶ https://t.co/NDbugKNYet"
New York Times,0.278,0.612,0.11,-0.5526,88,Tue Jun 05 17:47:01 +0000 2018,Harvey Weinstein pleaded not guilty to the sexual assault charges lodged against him last month https://t.co/6h9fEgoAN4
New York Times,0.0,1.0,0.0,0.0,89,Tue Jun 05 17:37:04 +0000 2018,"The White House has unblocked the accounts of 7 Twitter users who sued President Trump, but it's appealing a judge'‚Ä¶ https://t.co/aS46IucubL"
New York Times,0.16,0.746,0.093,-0.4215,90,Tue Jun 05 17:27:04 +0000 2018,Kate Spade built a brand on the appeal of clothes and accessories that made women smile. She was found dead on Tues‚Ä¶ https://t.co/jxOuBFEik6
New York Times,0.0,1.0,0.0,0.0,91,Tue Jun 05 17:17:03 +0000 2018,"RT @nytopinion: I‚Äôd take President Bill Clinton over Donald J. Trump in any role on any day, writes Frank Bruni. But in an honor-starved mo‚Ä¶"
New York Times,0.084,0.722,0.195,0.4456,92,Tue Jun 05 17:07:02 +0000 2018,"RT @NYTMetro: Eight years ago, Gov. Cuomo promised not to collapse under pressure from unions he said had a stranglehold on state politics.‚Ä¶"
New York Times,0.213,0.736,0.05,-0.6369,93,Tue Jun 05 16:53:04 +0000 2018,"Even with all the mayhem in Afghanistan‚Äôs long war, the number of children out of school had been falling. Until no‚Ä¶ https://t.co/luED2e0v1b"
New York Times,0.0,1.0,0.0,0.0,94,Tue Jun 05 16:42:28 +0000 2018,Kate Spade decided that the handbags were too full of gloppy gewgaws ‚Äî then she went to design her own. From 1999: https://t.co/K779QDG6c8
New York Times,0.0,1.0,0.0,0.0,95,Tue Jun 05 16:37:04 +0000 2018,NYT journalists are spread out across California to cover the state's high-stakes primary election. Follow our live‚Ä¶ https://t.co/QFbysRJGOU
New York Times,0.193,0.807,0.0,-0.6486,96,Tue Jun 05 16:28:22 +0000 2018,"Breaking News: Kate Spade, the designer who built a handbag empire, was found dead in her Manhattan apartment after‚Ä¶ https://t.co/U8bovTgEiT"
New York Times,0.12,0.88,0.0,-0.3818,97,Tue Jun 05 16:17:03 +0000 2018,"RT @NYTSports: LeBron James has scored 80 points in two games in the NBA finals, and is still losing.  https://t.co/DWIAP28w1P"
New York Times,0.07,0.93,0.0,-0.0516,98,Tue Jun 05 16:07:05 +0000 2018,President Trump touted his accomplishments from his first 500 days in office. We fact-checked his claims. https://t.co/iFQ24m6KjF
New York Times,0.0,1.0,0.0,0.0,99,Tue Jun 05 15:57:04 +0000 2018,President Trump's chief economic adviser has suggested Trump wants separate deals with Mexico and Canada instead of‚Ä¶ https://t.co/sGW7oxXlbo
New York Times,0.0,1.0,0.0,0.0,100,Tue Jun 05 15:47:04 +0000 2018,It is a staple of prom for a boy to be crowned king and a girl to be crowned queen. But this was not just any prom.‚Ä¶ https://t.co/aWjgOBcarI
